week,availableAt,stock,production,inputs,utilization
2011-12-26,2012-01-06 05:00:00+00:00,143.578,4832,14756,85
2012-01-02,2012-01-12 05:00:00+00:00,147.56299999999999,4757,14937,85.599999999999994
2012-01-09,2012-01-20 05:00:00+00:00,148.001,4475,14585,83.700000000000003
2012-01-16,2012-01-26 05:00:00+00:00,145.54499999999999,4385,14306,82.200000000000003
2012-01-23,2012-02-02 05:00:00+00:00,145.41,4521,14217,81.799999999999997
2012-01-30,2012-02-09 05:00:00+00:00,146.584,4489,14397,82.799999999999997
2012-02-06,2012-02-16 05:00:00+00:00,143.71700000000001,4393,14719,84
2012-02-13,2012-02-24 05:00:00+00:00,143.50899999999999,4296,14889,85.5
2012-02-20,2012-03-01 05:00:00+00:00,141.44,4284,14607,83.599999999999994
2012-02-27,2012-03-08 05:00:00+00:00,139.49600000000001,4220,14589,83.900000000000006
2012-03-05,2012-03-15 04:00:00+00:00,134.81399999999999,4146,14463,82.700000000000003
2012-03-12,2012-03-22 04:00:00+00:00,136.577,4251,14363,82.200000000000003
2012-03-19,2012-03-29 04:00:00+00:00,135.86600000000001,4285,14451,84.5
2012-03-26,2012-04-05 04:00:00+00:00,135.88499999999999,4332,14750,85.700000000000003
2012-04-02,2012-04-12 04:00:00+00:00,131.88499999999999,4253,14355,83.799999999999997
2012-04-09,2012-04-19 04:00:00+00:00,128.977,4426,14454,84.599999999999994
2012-04-16,2012-04-26 04:00:00+00:00,125.925,4197,14477,84.700000000000003
2012-04-23,2012-05-03 04:00:00+00:00,124.02200000000001,4131,14707,86
2012-04-30,2012-05-10 04:00:00+00:00,120.771,4390,14742,86.400000000000006
2012-05-07,2012-05-17 04:00:00+00:00,119.80200000000001,4497,15044,88.299999999999997
2012-05-14,2012-05-24 04:00:00+00:00,119.49299999999999,4508,14987,88.099999999999994
2012-05-21,2012-06-01 04:00:00+00:00,117.78400000000001,4613,15169,89.099999999999994
2012-05-28,2012-06-07 04:00:00+00:00,120.03700000000001,4671,15468,91
2012-06-04,2012-06-14 04:00:00+00:00,119.974,4718,15620,92
2012-06-11,2012-06-21 04:00:00+00:00,121.13,4710,15608,91.900000000000006
2012-06-18,2012-06-28 04:00:00+00:00,118.851,4518,15645,92.599999999999994
2012-06-25,2012-07-06 04:00:00+00:00,117.8,4725,15631,92
2012-07-02,2012-07-12 04:00:00+00:00,120.91200000000001,4705,15774,92.700000000000003
2012-07-09,2012-07-19 04:00:00+00:00,123.53100000000001,4763,15538,92
2012-07-16,2012-07-26 04:00:00+00:00,125.239,4647,15796,93
2012-07-23,2012-08-02 04:00:00+00:00,124.265,4628,15571,92.200000000000003
2012-07-30,2012-08-09 04:00:00+00:00,123.541,4699,15607,92.599999999999994
2012-08-06,2012-08-16 04:00:00+00:00,124.218,4669,15711,92.599999999999994
2012-08-13,2012-08-23 04:00:00+00:00,125.20999999999999,4734,15438,91.200000000000003
2012-08-20,2012-08-30 04:00:00+00:00,126.083,4667,15380,91.200000000000003
2012-08-27,2012-09-07 04:00:00+00:00,127.07599999999999,4341,14608,86.099999999999994
2012-09-03,2012-09-13 04:00:00+00:00,128.55199999999999,4449,14321,84.700000000000003
2012-09-10,2012-09-20 04:00:00+00:00,128.22999999999999,4564,14916,88.900000000000006
2012-09-17,2012-09-27 04:00:00+00:00,127.748,4611,14624,87.400000000000006
2012-09-24,2012-10-04 04:00:00+00:00,124.059,4591,14846,88.200000000000003
2012-10-01,2012-10-12 04:00:00+00:00,120.88200000000001,4338,14749,86.700000000000003
2012-10-08,2012-10-18 04:00:00+00:00,118.664,4484,14819,87.400000000000006
2012-10-15,2012-10-25 04:00:00+00:00,118.018,4382,14802,87.200000000000003
2012-10-22,2012-11-02 04:00:00+00:00,117.925,4505,14850,87.700000000000003
2012-10-29,2012-11-08 05:00:00+00:00,118.056,4560,14667,85.400000000000006
2012-11-05,2012-11-16 05:00:00+00:00,115.517,4569,14612,86
2012-11-12,2012-11-22 05:00:00+00:00,112.842,4669,14889,87.5
2012-11-19,2012-11-29 05:00:00+00:00,112.042,4561,15174,88.599999999999994
2012-11-26,2012-12-06 05:00:00+00:00,115.069,4847,15429,90.599999999999994
2012-12-03,2012-12-13 05:00:00+00:00,118.05500000000001,4762,15367,90.400000000000006
2012-12-10,2012-12-20 05:00:00+00:00,116.97,4880,15594,91.5
2012-12-17,2012-12-29 05:00:00+00:00,119.393,4906,15328,90.299999999999997
2012-12-24,2013-01-05 05:00:00+00:00,123.967,4864,15341,90.400000000000006
2012-12-31,2013-01-10 05:00:00+00:00,130.744,4920,15257,89.099999999999994
2013-01-07,2013-01-17 05:00:00+00:00,132.43000000000001,4564,15101,87.900000000000006
2013-01-14,2013-01-25 05:00:00+00:00,132.93799999999999,4311,14206,83.599999999999994
2013-01-21,2013-01-31 05:00:00+00:00,130.62299999999999,4263,14481,85
2013-01-28,2013-02-07 05:00:00+00:00,129.58099999999999,4472,14431,84.200000000000003
2013-02-04,2013-02-14 05:00:00+00:00,125.904,4357,14310,83.799999999999997
2013-02-11,2013-02-22 05:00:00+00:00,123.627,4272,14176,82.900000000000006
2013-02-18,2013-02-28 05:00:00+00:00,124.184,4484,14511,85.099999999999994
2013-02-25,2013-03-07 05:00:00+00:00,120.354,4256,14031,82.200000000000003
2013-03-04,2013-03-14 04:00:00+00:00,120.437,4164,13994,81
2013-03-11,2013-03-21 04:00:00+00:00,119.765,4268,14514,83.5
2013-03-18,2013-03-28 04:00:00+00:00,115.252,4204,14878,85.700000000000003
2013-03-25,2013-04-04 04:00:00+00:00,112.986,4324,15008,86.299999999999997
2013-04-01,2013-04-11 04:00:00+00:00,112.81699999999999,4539,15114,86.799999999999997
2013-04-08,2013-04-18 04:00:00+00:00,115.181,4477,15074,86.299999999999997
2013-04-15,2013-04-25 04:00:00+00:00,115.27800000000001,4280,14488,83.5
2013-04-22,2013-05-02 04:00:00+00:00,115.752,4300,14710,84.400000000000006
2013-04-29,2013-05-09 04:00:00+00:00,117.56399999999999,4532,15180,87
2013-05-06,2013-05-16 04:00:00+00:00,119.864,4640,15253,88
2013-05-13,2013-05-23 04:00:00+00:00,118.812,4788,15249,87.299999999999997
2013-05-20,2013-05-31 04:00:00+00:00,120.663,4763,15029,86.400000000000006
2013-05-27,2013-06-06 04:00:00+00:00,123.274,4800,15462,88.400000000000006
2013-06-03,2013-06-13 04:00:00+00:00,122.111,4679,15237,87.5
2013-06-10,2013-06-20 04:00:00+00:00,121.622,4677,15531,89.299999999999997
2013-06-17,2013-06-27 04:00:00+00:00,123.18899999999999,4866,15704,90.200000000000003
2013-06-24,2013-07-04 04:00:00+00:00,120.771,4843,16090,92.200000000000003
2013-07-01,2013-07-11 04:00:00+00:00,123.809,5036,16118,92.400000000000006
2013-07-08,2013-07-18 04:00:00+00:00,127.679,5080,16237,92.799999999999997
2013-07-15,2013-07-25 04:00:00+00:00,126.452,4996,16031,92.299999999999997
2013-07-22,2013-08-01 04:00:00+00:00,125.986,4825,15965,91.299999999999997
2013-07-29,2013-08-08 04:00:00+00:00,126.455,4917,15893,90.900000000000006
2013-08-05,2013-08-15 04:00:00+00:00,128.482,4855,15611,89.400000000000006
2013-08-12,2013-08-22 04:00:00+00:00,129.35300000000001,4891,15845,91
2013-08-19,2013-08-29 04:00:00+00:00,129.03700000000001,4888,15774,91.200000000000003
2013-08-26,2013-09-06 04:00:00+00:00,129.58600000000001,5049,15936,91.700000000000003
2013-09-02,2013-09-12 04:00:00+00:00,132.172,5049,15896,92.5
2013-09-09,2013-09-19 04:00:00+00:00,131.09299999999999,5063,16110,92.5
2013-09-16,2013-09-26 04:00:00+00:00,130.85900000000001,4797,15591,90.299999999999997
2013-09-23,2013-10-03 04:00:00+00:00,129.179,4892,15445,89
2013-09-30,2013-10-10 04:00:00+00:00,126.038,4624,14890,86
2013-10-07,2013-10-22 04:00:00+00:00,124.23699999999999,4793,14853,86.200000000000003
2013-10-14,2013-10-24 04:00:00+00:00,125.774,4819,14855,85.900000000000006
2013-10-21,2013-10-31 04:00:00+00:00,122.71599999999999,4937,15052,87.299999999999997
2013-10-28,2013-11-07 05:00:00+00:00,117.81699999999999,4942,15068,86.799999999999997
2013-11-04,2013-11-15 05:00:00+00:00,117.336,4947,15411,88.700000000000003
2013-11-11,2013-11-21 05:00:00+00:00,112.541,4907,15447,88.599999999999994
2013-11-18,2013-11-28 05:00:00+00:00,110.875,5022,15551,89.400000000000006
2013-11-25,2013-12-05 05:00:00+00:00,113.524,5111,16106,92.400000000000006
2013-12-02,2013-12-12 05:00:00+00:00,118.065,5262,16131,92.599999999999994
2013-12-09,2013-12-19 05:00:00+00:00,115.955,4956,15931,91.5
2013-12-16,2013-12-28 05:00:00+00:00,114.105,5071,16233,92.700000000000003
2013-12-23,2014-01-04 05:00:00+00:00,119.14700000000001,5233,16247,92.400000000000006
2013-12-30,2014-01-09 05:00:00+00:00,124.973,5079,16134,92.299999999999997
2014-01-06,2014-01-16 05:00:00+00:00,123.95,4709,15731,90
2014-01-13,2014-01-24 05:00:00+00:00,120.738,4468,15216,86.5
2014-01-20,2014-01-30 05:00:00+00:00,116.154,4848,15417,88.200000000000003
2014-01-27,2014-02-06 05:00:00+00:00,113.794,4586,15049,86.099999999999994
2014-02-03,2014-02-13 05:00:00+00:00,113.063,4598,15215,87.099999999999994
2014-02-10,2014-02-21 05:00:00+00:00,112.724,4542,15178,86.799999999999997
2014-02-17,2014-02-27 05:00:00+00:00,113.062,4613,15299,88
2014-02-24,2014-03-06 05:00:00+00:00,114.476,4607,15212,87.400000000000006
2014-03-03,2014-03-13 04:00:00+00:00,113.943,4613,14987,86
2014-03-10,2014-03-20 04:00:00+00:00,110.846,4715,14951,85.599999999999994
2014-03-17,2014-03-27 04:00:00+00:00,112.401,4733,15092,86
2014-03-24,2014-04-03 04:00:00+00:00,112.955,4789,15315,87.700000000000003
2014-03-31,2014-04-10 04:00:00+00:00,113.194,4798,15337,87.5
2014-04-07,2014-04-17 04:00:00+00:00,111.916,4879,15613,88.799999999999997
2014-04-14,2014-04-24 04:00:00+00:00,112.51300000000001,4979,15980,91
2014-04-21,2014-05-01 04:00:00+00:00,114.449,4914,15954,91
2014-04-28,2014-05-08 04:00:00+00:00,114.002,5039,15904,90.200000000000003
2014-05-05,2014-05-15 04:00:00+00:00,112.878,4911,15667,88.799999999999997
2014-05-12,2014-05-22 04:00:00+00:00,116.277,5002,15949,88.700000000000003
2014-05-19,2014-05-30 04:00:00+00:00,116.081,4990,15851,89.900000000000006
2014-05-26,2014-06-05 04:00:00+00:00,118.093,5227,16057,90.799999999999997
2014-06-02,2014-06-12 04:00:00+00:00,118.953,4865,15547,87.900000000000006
2014-06-09,2014-06-19 04:00:00+00:00,119.389,4732,15397,87.099999999999994
2014-06-16,2014-06-26 04:00:00+00:00,120.566,4877,15672,88.5
2014-06-23,2014-07-03 04:00:00+00:00,121.541,4984,16218,91.400000000000006
2014-06-30,2014-07-10 04:00:00+00:00,121.768,5056,16252,91.599999999999994
2014-07-07,2014-07-17 04:00:00+00:00,124.29600000000001,5172,16626,93.799999999999997
2014-07-14,2014-07-24 04:00:00+00:00,125.932,5206,16598,93.799999999999997
2014-07-21,2014-07-31 04:00:00+00:00,126.721,5012,16551,93.5
2014-07-28,2014-08-07 04:00:00+00:00,124.923,4830,16393,92.400000000000006
2014-08-04,2014-08-14 04:00:00+00:00,122.502,4723,16214,91.599999999999994
2014-08-11,2014-08-21 04:00:00+00:00,121.542,4913,16418,93.400000000000006
2014-08-18,2014-08-28 04:00:00+00:00,122.794,4947,16542,93.5
2014-08-25,2014-09-05 04:00:00+00:00,123.399,5080,16428,93.299999999999997
2014-09-01,2014-09-11 04:00:00+00:00,127.49299999999999,5101,16332,93.900000000000006
2014-09-08,2014-09-18 04:00:00+00:00,127.77200000000001,4910,16304,93
2014-09-15,2014-09-25 04:00:00+00:00,128.595,4875,16214,93.400000000000006
2014-09-22,2014-10-02 04:00:00+00:00,125.70099999999999,4907,15689,89.799999999999997
2014-09-29,2014-10-09 04:00:00+00:00,126.14,4748,15554,89.299999999999997
2014-10-06,2014-10-17 04:00:00+00:00,124.622,4582,15321,88.099999999999994
2014-10-13,2014-10-23 04:00:00+00:00,125.67100000000001,4604,15208,86.700000000000003
2014-10-20,2014-10-30 04:00:00+00:00,120.377,4471,15129,86.599999999999994
2014-10-27,2014-11-06 05:00:00+00:00,119.65300000000001,4609,15485,88.400000000000006
2014-11-03,2014-11-14 05:00:00+00:00,116.84999999999999,4822,15752,90.099999999999994
2014-11-10,2014-11-20 05:00:00+00:00,114.794,4793,15913,91.200000000000003
2014-11-17,2014-11-27 05:00:00+00:00,113.146,4900,15957,91.5
2014-11-24,2014-12-04 05:00:00+00:00,116.17400000000001,5028,16356,93.400000000000006
2014-12-01,2014-12-11 05:00:00+00:00,121.751,5231,16627,95.400000000000006
2014-12-08,2014-12-18 05:00:00+00:00,121.544,5214,16301,93.5
2014-12-15,2014-12-25 05:00:00+00:00,123.84699999999999,5236,16341,93.5
2014-12-22,2015-01-01 05:00:00+00:00,125.721,5307,16377,94.400000000000006
2014-12-29,2015-01-08 05:00:00+00:00,136.92599999999999,5180,16420,93.900000000000006
2015-01-05,2015-01-15 05:00:00+00:00,139.851,5108,15893,91
2015-01-12,2015-01-23 05:00:00+00:00,136.57900000000001,4768,14909,85.5
2015-01-19,2015-01-29 05:00:00+00:00,132.68700000000001,4712,15256,88
2015-01-26,2015-02-05 05:00:00+00:00,134.47499999999999,4666,15544,89.900000000000006
2015-02-02,2015-02-12 05:00:00+00:00,131.22300000000001,4706,15564,90
2015-02-09,2015-02-20 05:00:00+00:00,127.40900000000001,4629,15442,88.700000000000003
2015-02-16,2015-02-26 05:00:00+00:00,124.69799999999999,4747,15243,87.400000000000006
2015-02-23,2015-03-05 05:00:00+00:00,122.976,4645,15113,86.599999999999994
2015-03-02,2015-03-12 04:00:00+00:00,125.503,4800,15300,87.799999999999997
2015-03-09,2015-03-19 04:00:00+00:00,125.883,4807,15436,88.099999999999994
2015-03-16,2015-03-26 04:00:00+00:00,125.849,4732,15530,89
2015-03-23,2015-04-02 04:00:00+00:00,127.17400000000001,4858,15728,89.400000000000006
2015-03-30,2015-04-09 04:00:00+00:00,126.92400000000001,4998,15929,90.099999999999994
2015-04-06,2015-04-16 04:00:00+00:00,128.941,4995,16212,92.299999999999997
2015-04-13,2015-04-23 04:00:00+00:00,129.33600000000001,4775,15982,91.200000000000003
2015-04-20,2015-04-30 04:00:00+00:00,129.27000000000001,4837,16100,91.299999999999997
2015-04-27,2015-05-07 04:00:00+00:00,130.773,4970,16347,93
2015-05-04,2015-05-14 04:00:00+00:00,128.27000000000001,4860,15968,91.200000000000003
2015-05-11,2015-05-21 04:00:00+00:00,127.724,4844,16213,92.400000000000006
2015-05-18,2015-05-29 04:00:00+00:00,128.839,4891,16450,93.599999999999994
2015-05-25,2015-06-04 04:00:00+00:00,132.61199999999999,5023,16407,93.200000000000003
2015-06-01,2015-06-11 04:00:00+00:00,133.477,5083,16576,94.599999999999994
2015-06-08,2015-06-18 04:00:00+00:00,133.59100000000001,5011,16282,93.099999999999994
2015-06-15,2015-06-25 04:00:00+00:00,135.428,4970,16532,94
2015-06-22,2015-07-02 04:00:00+00:00,135.81999999999999,5015,16531,95
2015-06-29,2015-07-09 04:00:00+00:00,137.46100000000001,5092,16596,94.700000000000003
2015-07-06,2015-07-16 04:00:00+00:00,141.28,5093,16825,95.299999999999997
2015-07-13,2015-07-23 04:00:00+00:00,141.51499999999999,5073,16870,95.5
2015-07-20,2015-07-30 04:00:00+00:00,144.10300000000001,5096,16762,95.099999999999994
2015-07-27,2015-08-06 04:00:00+00:00,144.81200000000001,5025,17075,96.099999999999994
2015-08-03,2015-08-13 04:00:00+00:00,147.80600000000001,5148,17029,96.099999999999994
2015-08-10,2015-08-20 04:00:00+00:00,148.40000000000001,5072,16775,95.099999999999994
2015-08-17,2015-08-27 04:00:00+00:00,149.83600000000001,4906,16658,94.5
2015-08-24,2015-09-03 04:00:00+00:00,149.95099999999999,4923,16389,92.799999999999997
2015-08-31,2015-09-11 04:00:00+00:00,150.90299999999999,4794,16110,90.900000000000006
2015-09-07,2015-09-17 04:00:00+00:00,153.96299999999999,5076,16513,93.099999999999994
2015-09-14,2015-09-24 04:00:00+00:00,151.875,5083,16203,90.900000000000006
2015-09-21,2015-10-01 04:00:00+00:00,151.608,5010,15962,89.799999999999997
2015-09-28,2015-10-08 04:00:00+00:00,149.15000000000001,5071,15559,87.5
2015-10-05,2015-10-16 04:00:00+00:00,147.63,4613,15267,86
2015-10-12,2015-10-22 04:00:00+00:00,145.00800000000001,4728,15345,86.400000000000006
2015-10-19,2015-10-29 04:00:00+00:00,142.05699999999999,4877,15616,87.599999999999994
2015-10-26,2015-11-05 05:00:00+00:00,140.75700000000001,4882,15637,88.700000000000003
2015-11-02,2015-11-13 05:00:00+00:00,141.10900000000001,4873,15939,89.5
2015-11-09,2015-11-19 05:00:00+00:00,140.31800000000001,5032,16076,90.299999999999997
2015-11-16,2015-11-26 05:00:00+00:00,141.364,5023,16380,92
2015-11-23,2015-12-03 05:00:00+00:00,144.41499999999999,5168,16803,94.5
2015-11-30,2015-12-10 05:00:00+00:00,149.41300000000001,5228,16652,93.099999999999994
2015-12-07,2015-12-17 05:00:00+00:00,151.976,5107,16611,91.900000000000006
2015-12-14,2015-12-24 05:00:00+00:00,151.315,4938,16468,91.299999999999997
2015-12-21,2015-12-31 05:00:00+00:00,153.11000000000001,4927,16682,92.599999999999994
2015-12-28,2016-01-07 05:00:00+00:00,159.41800000000001,4976,16617,92.5
2016-01-04,2016-01-14 05:00:00+00:00,165.554,4760,16423,91.200000000000003
2016-01-11,2016-01-22 05:00:00+00:00,164.529,4552,16190,90.599999999999994
2016-01-18,2016-01-28 05:00:00+00:00,160.47200000000001,4452,15639,87.400000000000006
2016-01-25,2016-02-04 05:00:00+00:00,159.69499999999999,4435,15615,86.599999999999994
2016-02-01,2016-02-11 05:00:00+00:00,160.976,4357,15510,86.099999999999994
2016-02-08,2016-02-19 05:00:00+00:00,162.375,4663,15848,88.299999999999997
2016-02-15,2016-02-25 05:00:00+00:00,160.715,4438,15685,87.299999999999997
2016-02-22,2016-03-03 05:00:00+00:00,163.59700000000001,4801,15852,88.299999999999997
2016-02-29,2016-03-10 05:00:00+00:00,162.47800000000001,4744,15911,89.099999999999994
2016-03-07,2016-03-17 04:00:00+00:00,161.34299999999999,4781,15996,89
2016-03-14,2016-03-24 04:00:00+00:00,162.25999999999999,4742,15820,88.400000000000006
2016-03-21,2016-03-31 04:00:00+00:00,161.185,4927,16234,90.400000000000006
2016-03-28,2016-04-07 04:00:00+00:00,162.98400000000001,4838,16433,91.400000000000006
2016-04-04,2016-04-14 04:00:00+00:00,163.489,4784,15941,89.200000000000003
2016-04-11,2016-04-21 04:00:00+00:00,159.935,4712,16104,89.400000000000006
2016-04-18,2016-04-28 04:00:00+00:00,158.24000000000001,4622,15847,88.099999999999994
2016-04-25,2016-05-05 04:00:00+00:00,156.97900000000001,4589,15986,89.700000000000003
2016-05-02,2016-05-12 04:00:00+00:00,155.33199999999999,4610,16179,89.099999999999994
2016-05-09,2016-05-19 04:00:00+00:00,152.16200000000001,4770,16371,90.5
2016-05-16,2016-05-26 04:00:00+00:00,150.87799999999999,4661,16279,89.700000000000003
2016-05-23,2016-06-03 04:00:00+00:00,149.62299999999999,4757,16206,89.799999999999997
2016-05-30,2016-06-09 04:00:00+00:00,151.37700000000001,4838,16417,90.900000000000006
2016-06-06,2016-06-16 04:00:00+00:00,152.16300000000001,4984,16317,90.200000000000003
2016-06-13,2016-06-23 04:00:00+00:00,152.31399999999999,4956,16505,91.299999999999997
2016-06-20,2016-06-30 04:00:00+00:00,150.51300000000001,5021,16695,93
2016-06-27,2016-07-08 04:00:00+00:00,148.93899999999999,4952,16687,92.5
2016-07-04,2016-07-14 04:00:00+00:00,152.99700000000001,5034,16544,92.299999999999997
2016-07-11,2016-07-21 04:00:00+00:00,152.78299999999999,5004,16863,93.200000000000003
2016-07-18,2016-07-28 04:00:00+00:00,152.00299999999999,4918,16586,92.400000000000006
2016-07-25,2016-08-04 04:00:00+00:00,153.155,4940,16852,93.299999999999997
2016-08-01,2016-08-11 04:00:00+00:00,151.196,4739,16597,92.200000000000003
2016-08-08,2016-08-18 04:00:00+00:00,153.13499999999999,4939,16865,93.5
2016-08-15,2016-08-25 04:00:00+00:00,153.25700000000001,4849,16679,92.5
2016-08-22,2016-09-01 04:00:00+00:00,154.75299999999999,4973,16615,92.799999999999997
2016-08-29,2016-09-09 04:00:00+00:00,158.13499999999999,5031,16930,93.700000000000003
2016-09-05,2016-09-15 04:00:00+00:00,162.75399999999999,4933,16730,92.900000000000006
2016-09-12,2016-09-22 04:00:00+00:00,164.99199999999999,4978,16587,92
2016-09-19,2016-09-29 04:00:00+00:00,163.077,4709,16334,90.099999999999994
2016-09-26,2016-10-06 04:00:00+00:00,160.71799999999999,4713,16032,88.299999999999997
2016-10-03,2016-10-14 04:00:00+00:00,156.97200000000001,4496,15552,85.5
2016-10-10,2016-10-20 04:00:00+00:00,155.732,4599,15370,85
2016-10-17,2016-10-27 04:00:00+00:00,152.37799999999999,4536,15552,85.599999999999994
2016-10-24,2016-11-03 04:00:00+00:00,150.55000000000001,4662,15448,85.200000000000003
2016-10-31,2016-11-10 05:00:00+00:00,148.602,4784,15817,87.099999999999994
2016-11-07,2016-11-17 05:00:00+00:00,148.91200000000001,4984,16126,89.200000000000003
2016-11-14,2016-11-24 05:00:00+00:00,149.239,5080,16397,90.799999999999997
2016-11-21,2016-12-01 05:00:00+00:00,154.196,5216,16283,89.799999999999997
2016-11-28,2016-12-08 05:00:00+00:00,156.697,5083,16417,90.400000000000006
2016-12-05,2016-12-15 05:00:00+00:00,155.935,5009,16474,90.5
2016-12-12,2016-12-22 05:00:00+00:00,153.51499999999999,5122,16658,91.5
2016-12-19,2016-12-30 05:00:00+00:00,151.63399999999999,4957,16557,91
2016-12-26,2017-01-06 05:00:00+00:00,161.685,5329,16689,92
2017-01-02,2017-01-12 05:00:00+00:00,170.041,5324,17107,93.599999999999994
2017-01-09,2017-01-20 05:00:00+00:00,169.07300000000001,4713,16468,90.700000000000003
2017-01-16,2017-01-26 05:00:00+00:00,169.149,4575,16047,88.299999999999997
2017-01-23,2017-02-02 05:00:00+00:00,170.71700000000001,4677,15947,88.200000000000003
2017-01-30,2017-02-09 05:00:00+00:00,170.74600000000001,4802,15893,87.700000000000003
2017-02-06,2017-02-16 05:00:00+00:00,170.05699999999999,4531,15458,85.400000000000006
2017-02-13,2017-02-24 05:00:00+00:00,165.13300000000001,4467,15271,84.299999999999997
2017-02-20,2017-03-02 05:00:00+00:00,164.208,4755,15664,86
2017-02-27,2017-03-09 05:00:00+00:00,161.53200000000001,4773,15492,85.900000000000006
2017-03-06,2017-03-16 04:00:00+00:00,157.303,4690,15472,85.099999999999994
2017-03-13,2017-03-23 04:00:00+00:00,155.393,4829,15801,87.400000000000006
2017-03-20,2017-03-30 04:00:00+00:00,152.91,4872,16226,89.299999999999997
2017-03-27,2017-04-06 04:00:00+00:00,152.374,4967,16429,90.799999999999997
2017-04-03,2017-04-13 04:00:00+00:00,150.221,5060,16697,91
2017-04-10,2017-04-20 04:00:00+00:00,148.26599999999999,5150,16938,92.900000000000006
2017-04-17,2017-04-27 04:00:00+00:00,150.917,5063,17285,94.099999999999994
2017-04-24,2017-05-04 04:00:00+00:00,150.35499999999999,5101,17177,93.299999999999997
2017-05-01,2017-05-11 04:00:00+00:00,148.768,4956,16759,91.5
2017-05-08,2017-05-18 04:00:00+00:00,146.82400000000001,5042,17122,93.400000000000006
2017-05-15,2017-05-25 04:00:00+00:00,146.339,5197,17281,93.5
2017-05-22,2017-06-02 04:00:00+00:00,146.733,5226,17510,95
2017-05-29,2017-06-08 04:00:00+00:00,151.08799999999999,5267,17227,94.099999999999994
2017-06-05,2017-06-15 04:00:00+00:00,151.416,5154,17256,94.400000000000006
2017-06-12,2017-06-22 04:00:00+00:00,152.495,5251,17152,94
2017-06-19,2017-06-29 04:00:00+00:00,152.27199999999999,5244,16890,92.5
2017-06-26,2017-07-07 04:00:00+00:00,150.422,5100,17141,93.599999999999994
2017-07-03,2017-07-13 04:00:00+00:00,153.553,5349,17244,94.5
2017-07-10,2017-07-20 04:00:00+00:00,151.416,4945,17119,94
2017-07-17,2017-07-27 04:00:00+00:00,149.56399999999999,5131,17285,94.299999999999997
2017-07-24,2017-08-03 04:00:00+00:00,149.41399999999999,5232,17408,95.400000000000006
2017-07-31,2017-08-10 04:00:00+00:00,147.685,5305,17574,96.299999999999997
2017-08-07,2017-08-17 04:00:00+00:00,148.387,5287,17565,96.099999999999994
2017-08-14,2017-08-24 04:00:00+00:00,148.41499999999999,5091,17461,95.400000000000006
2017-08-21,2017-08-31 04:00:00+00:00,149.16300000000001,5055,17725,96.599999999999994
2017-08-28,2017-09-08 04:00:00+00:00,147.767,4492,14472,79.700000000000003
2017-09-04,2017-09-14 04:00:00+00:00,144.55199999999999,3973,14078,77.700000000000003
2017-09-11,2017-09-21 04:00:00+00:00,138.85900000000001,4543,15172,83.200000000000003
2017-09-18,2017-09-28 04:00:00+00:00,138.04499999999999,4639,16174,88.599999999999994
2017-09-25,2017-10-05 04:00:00+00:00,135.43899999999999,4929,16029,88.099999999999994
2017-10-02,2017-10-13 04:00:00+00:00,133.959,4964,16258,89.200000000000003
2017-10-09,2017-10-19 04:00:00+00:00,134.48699999999999,4784,15439,84.5
2017-10-16,2017-10-26 04:00:00+00:00,129.24100000000001,4795,16025,87.799999999999997
2017-10-23,2017-11-02 04:00:00+00:00,128.92099999999999,5036,16015,88.099999999999994
2017-10-30,2017-11-09 05:00:00+00:00,125.562,5199,16305,89.599999999999994
2017-11-06,2017-11-16 05:00:00+00:00,124.76300000000001,5231,16639,91
2017-11-13,2017-11-23 05:00:00+00:00,125.032,5335,16838,91.299999999999997
2017-11-20,2017-11-30 05:00:00+00:00,127.779,5284,17003,92.599999999999994
2017-11-27,2017-12-07 05:00:00+00:00,129.446,5402,17195,93.799999999999997
2017-12-04,2017-12-14 05:00:00+00:00,128.07599999999999,5247,16952,93.400000000000006
2017-12-11,2017-12-21 05:00:00+00:00,128.845,5206,17063,94.099999999999994
2017-12-18,2017-12-29 05:00:00+00:00,129.935,5476,17398,95.700000000000003
2017-12-25,2018-01-05 05:00:00+00:00,138.834,5592,17608,96.700000000000003
2018-01-01,2018-01-11 05:00:00+00:00,143.08799999999999,5291,17323,95.299999999999997
2018-01-08,2018-01-19 05:00:00+00:00,139.20099999999999,5076,16875,93
2018-01-15,2018-01-25 05:00:00+00:00,139.84,4827,16483,90.900000000000006
2018-01-22,2018-02-01 05:00:00+00:00,137.90000000000001,4613,16013,88.099999999999994
2018-01-29,2018-02-08 05:00:00+00:00,141.82599999999999,5129,16797,92.5
2018-02-05,2018-02-15 05:00:00+00:00,141.36699999999999,4811,16162,89.799999999999997
2018-02-12,2018-02-23 05:00:00+00:00,138.94499999999999,4489,15833,88.099999999999994
2018-02-19,2018-03-01 05:00:00+00:00,137.98500000000001,4469,15882,87.799999999999997
2018-02-26,2018-03-08 05:00:00+00:00,137.42599999999999,4596,15935,88
2018-03-05,2018-03-15 04:00:00+00:00,133.066,4478,16367,90
2018-03-12,2018-03-22 04:00:00+00:00,131.04400000000001,4503,16777,91.700000000000003
2018-03-19,2018-03-29 04:00:00+00:00,128.95400000000001,4844,16795,92.299999999999997
2018-03-26,2018-04-05 04:00:00+00:00,129.49100000000001,5016,16936,93
2018-04-02,2018-04-12 04:00:00+00:00,128.447,5256,17019,93.5
2018-04-09,2018-04-19 04:00:00+00:00,125.34,5094,16949,92.400000000000006
2018-04-16,2018-04-26 04:00:00+00:00,122.729,4977,16621,90.799999999999997
2018-04-23,2018-05-03 04:00:00+00:00,118.82899999999999,4995,16561,91.099999999999994
2018-04-30,2018-05-10 04:00:00+00:00,115.038,4993,16486,90.400000000000006
2018-05-07,2018-05-17 04:00:00+00:00,114.946,5031,16635,91.099999999999994
2018-05-14,2018-05-24 04:00:00+00:00,113.995,4938,16628,91.799999999999997
2018-05-21,2018-06-01 04:00:00+00:00,114.629,5296,17155,93.900000000000006
2018-05-28,2018-06-07 04:00:00+00:00,116.794,5324,17369,95.400000000000006
2018-06-04,2018-06-14 04:00:00+00:00,114.693,5111,17505,95.700000000000003
2018-06-11,2018-06-21 04:00:00+00:00,117.408,5468,17701,96.700000000000003
2018-06-18,2018-06-28 04:00:00+00:00,117.423,5396,17816,97.5
2018-06-25,2018-07-06 04:00:00+00:00,117.557,5463,17653,97.099999999999994
2018-07-02,2018-07-12 04:00:00+00:00,121.682,5442,17652,96.700000000000003
2018-07-09,2018-07-19 04:00:00+00:00,121.31100000000001,5174,17239,94.299999999999997
2018-07-16,2018-07-26 04:00:00+00:00,121.20999999999999,5157,17285,93.799999999999997
2018-07-23,2018-08-02 04:00:00+00:00,124.193,5159,17480,96.099999999999994
2018-07-30,2018-08-09 04:00:00+00:00,125.423,5237,17598,96.599999999999994
2018-08-06,2018-08-16 04:00:00+00:00,128.989,5337,17981,98.099999999999994
2018-08-13,2018-08-23 04:00:00+00:00,130.83799999999999,5426,17892,98.099999999999994
2018-08-20,2018-08-30 04:00:00+00:00,130.001,5179,17566,96.299999999999997
2018-08-27,2018-09-07 04:00:00+00:00,133.12,5439,17647,96.599999999999994
2018-09-03,2018-09-13 04:00:00+00:00,139.28299999999999,5536,17857,97.599999999999994
2018-09-10,2018-09-20 04:00:00+00:00,140.12200000000001,5457,17415,95.400000000000006
2018-09-17,2018-09-27 04:00:00+00:00,137.881,4995,16514,90.400000000000006
2018-09-24,2018-10-04 04:00:00+00:00,136.131,5029,16591,90.400000000000006
2018-10-01,2018-10-12 04:00:00+00:00,133.465,5028,16239,88.799999999999997
2018-10-08,2018-10-18 04:00:00+00:00,132.63800000000001,4815,16316,88.799999999999997
2018-10-15,2018-10-25 04:00:00+00:00,130.376,4960,16268,89.200000000000003
2018-10-22,2018-11-01 04:00:00+00:00,126.322,4983,16417,89.400000000000006
2018-10-29,2018-11-08 05:00:00+00:00,122.857,4963,16408,90
2018-11-05,2018-11-16 05:00:00+00:00,119.268,4993,16432,90.099999999999994
2018-11-12,2018-11-22 05:00:00+00:00,119.191,5201,16855,92.700000000000003
2018-11-19,2018-11-29 05:00:00+00:00,121.801,5471,17553,95.599999999999994
2018-11-26,2018-12-07 05:00:00+00:00,125.61199999999999,5571,17487,95.5
2018-12-03,2018-12-13 05:00:00+00:00,124.137,5545,17436,95.099999999999994
2018-12-10,2018-12-20 05:00:00+00:00,119.90000000000001,5393,17408,95.400000000000006
2018-12-17,2018-12-29 05:00:00+00:00,119.902,5444,17350,95.099999999999994
2018-12-24,2019-01-05 05:00:00+00:00,129.43100000000001,5591,17760,97.200000000000003
2018-12-31,2019-01-10 05:00:00+00:00,140.042,5563,17566,96.099999999999994
2019-01-07,2019-01-17 05:00:00+00:00,143.00899999999999,5412,17223,94.599999999999994
2019-01-14,2019-01-25 05:00:00+00:00,142.392,5204,17049,92.900000000000006
2019-01-21,2019-01-31 05:00:00+00:00,141.27000000000001,5019,16463,90.099999999999994
2019-01-28,2019-02-07 05:00:00+00:00,139.01300000000001,5121,16633,90.700000000000003
2019-02-04,2019-02-14 05:00:00+00:00,140.19999999999999,4764,15768,85.900000000000006
2019-02-11,2019-02-22 05:00:00+00:00,138.68299999999999,4759,15711,85.900000000000006
2019-02-18,2019-02-28 05:00:00+00:00,138.37899999999999,4816,15890,87.099999999999994
2019-02-25,2019-03-07 05:00:00+00:00,135.98599999999999,4919,15990,87.5
2019-03-04,2019-03-14 04:00:00+00:00,136.369,4856,16020,87.599999999999994
2019-03-11,2019-03-21 04:00:00+00:00,132.24199999999999,4923,16198,88.900000000000006
2019-03-18,2019-03-28 04:00:00+00:00,130.167,4925,15831,86.599999999999994
2019-03-25,2019-04-04 04:00:00+00:00,128.16900000000001,4870,15849,86.400000000000006
2019-04-01,2019-04-11 04:00:00+00:00,128.053,5038,16100,87.5
2019-04-08,2019-04-18 04:00:00+00:00,127.691,4823,16078,87.700000000000003
2019-04-15,2019-04-25 04:00:00+00:00,127.029,5064,16583,90.099999999999994
2019-04-22,2019-05-02 04:00:00+00:00,125.72199999999999,5128,16446,89.200000000000003
2019-04-29,2019-05-09 04:00:00+00:00,125.563,5089,16405,88.900000000000006
2019-05-06,2019-05-16 04:00:00+00:00,125.64700000000001,5264,16676,90.5
2019-05-13,2019-05-23 04:00:00+00:00,126.41500000000001,5206,16578,89.900000000000006
2019-05-20,2019-05-31 04:00:00+00:00,124.8,5182,16767,91.200000000000003
2019-05-27,2019-06-06 04:00:00+00:00,129.37200000000001,5404,16938,91.799999999999997
2019-06-03,2019-06-13 04:00:00+00:00,128.37200000000001,5239,17064,93.200000000000003
2019-06-10,2019-06-20 04:00:00+00:00,127.821,5371,17264,93.900000000000006
2019-06-17,2019-06-27 04:00:00+00:00,125.38,5305,17337,94.200000000000003
2019-07-01,2019-07-11 04:00:00+00:00,130.517,5358,17438,94.700000000000003
2019-07-08,2019-07-18 04:00:00+00:00,136.203,5361,17267,94.400000000000006
2019-07-15,2019-07-25 04:00:00+00:00,136.816,5219,17034,93.099999999999994
2019-07-22,2019-08-01 04:00:00+00:00,135.922,5164,16991,93
2019-07-29,2019-08-08 04:00:00+00:00,137.45099999999999,5286,17777,96.400000000000006
2019-08-05,2019-08-15 04:00:00+00:00,135.51300000000001,5077,17302,94.799999999999997
2019-08-12,2019-08-22 04:00:00+00:00,138.12299999999999,5340,17702,95.900000000000006
2019-08-19,2019-08-29 04:00:00+00:00,136.06,5193,17408,95.200000000000003
2019-08-26,2019-09-06 04:00:00+00:00,133.52199999999999,5154,17381,94.799999999999997
2019-09-02,2019-09-12 04:00:00+00:00,136.226,5341,17495,95.099999999999994
2019-09-09,2019-09-19 04:00:00+00:00,136.66300000000001,5109,16707,91.200000000000003
2019-09-16,2019-09-26 04:00:00+00:00,133.685,5000,16513,89.799999999999997
2019-09-23,2019-10-03 04:00:00+00:00,131.267,4813,16017,86.400000000000006
2019-09-30,2019-10-10 04:00:00+00:00,127.324,4835,15656,85.700000000000003
2019-10-07,2019-10-18 04:00:00+00:00,123.501,4688,15436,83.099999999999994
2019-10-14,2019-10-24 04:00:00+00:00,120.786,4765,15865,85.200000000000003
2019-10-21,2019-10-31 04:00:00+00:00,119.754,4970,15998,87.700000000000003
2019-10-28,2019-11-07 05:00:00+00:00,119.13200000000001,4875,15761,86
2019-11-04,2019-11-15 05:00:00+00:00,116.655,5039,15916,87.799999999999997
2019-11-11,2019-11-21 05:00:00+00:00,115.681,5124,16435,89.5
2019-11-18,2019-11-28 05:00:00+00:00,116.40600000000001,5075,16334,89.299999999999997
2019-11-25,2019-12-05 05:00:00+00:00,119.46899999999999,5263,16798,91.900000000000006
2019-12-02,2019-12-12 05:00:00+00:00,123.587,5228,16597,90.599999999999994
2019-12-09,2019-12-19 05:00:00+00:00,125.096,5072,16562,90.599999999999994
2019-12-16,2019-12-28 05:00:00+00:00,124.944,5394,16980,93.299999999999997
2019-12-23,2020-01-04 05:00:00+00:00,133.72,5311,17283,94.5
2019-12-30,2020-01-09 05:00:00+00:00,139.05000000000001,5310,16897,93
2020-01-06,2020-01-16 05:00:00+00:00,147.221,5205,16973,92.200000000000003
2020-01-13,2020-01-24 05:00:00+00:00,146.036,4954,16857,90.5
2020-01-20,2020-01-30 05:00:00+00:00,144.74700000000001,4979,15924,87.200000000000003
2020-01-27,2020-02-06 05:00:00+00:00,143.23500000000001,4976,15972,87.400000000000006
2020-02-03,2020-02-13 05:00:00+00:00,141.22200000000001,4837,16020,88
2020-02-10,2020-02-21 05:00:00+00:00,140.58699999999999,4852,16210,89.400000000000006
2020-02-17,2020-02-27 05:00:00+00:00,138.47200000000001,4846,16008,87.900000000000006
2020-02-24,2020-03-05 05:00:00+00:00,134.464,4648,15696,86.900000000000006
2020-03-02,2020-03-12 04:00:00+00:00,128.06,4705,15702,86.400000000000006
2020-03-09,2020-03-19 04:00:00+00:00,125.12,4686,15820,86.400000000000006
2020-03-16,2020-03-26 04:00:00+00:00,124.44199999999999,4838,15838,87.299999999999997
2020-03-23,2020-04-02 04:00:00+00:00,122.248,4966,14898,82.299999999999997
2020-03-30,2020-04-09 04:00:00+00:00,122.724,4982,13634,75.599999999999994
2020-04-06,2020-04-16 04:00:00+00:00,129.00399999999999,4927,12665,69.099999999999994
2020-04-13,2020-04-23 04:00:00+00:00,136.88,5007,12456,67.599999999999994
2020-04-20,2020-04-30 04:00:00+00:00,141.97200000000001,4982,12761,69.599999999999994
2020-04-27,2020-05-07 04:00:00+00:00,151.49000000000001,5082,12976,70.5
2020-05-04,2020-05-14 04:00:00+00:00,155.001,4892,12383,67.900000000000006
2020-05-11,2020-05-21 04:00:00+00:00,158.83199999999999,4804,12903,69.400000000000006
2020-05-18,2020-05-29 04:00:00+00:00,164.327,4780,12991,71.299999999999997
2020-05-25,2020-06-04 04:00:00+00:00,174.261,4714,13307,71.799999999999997
2020-06-01,2020-06-11 04:00:00+00:00,175.82900000000001,4762,13484,73.099999999999994
2020-06-08,2020-06-18 04:00:00+00:00,174.471,4498,13600,73.799999999999997
2020-06-15,2020-06-25 04:00:00+00:00,174.72,4561,13840,74.599999999999994
2020-06-22,2020-07-02 04:00:00+00:00,174.12700000000001,4624,14033,75.5
2020-06-29,2020-07-09 04:00:00+00:00,177.262,4756,14347,77.5
2020-07-06,2020-07-16 04:00:00+00:00,176.809,4860,14309,78.099999999999994
2020-07-13,2020-07-23 04:00:00+00:00,177.88300000000001,4763,14206,77.900000000000006
2020-07-20,2020-07-30 04:00:00+00:00,178.386,4783,14595,79.5
2020-07-27,2020-08-06 04:00:00+00:00,179.977,4909,14637,79.599999999999994
2020-08-03,2020-08-13 04:00:00+00:00,177.655,4789,14658,81
2020-08-10,2020-08-20 04:00:00+00:00,177.80699999999999,4742,14487,80.900000000000006
2020-08-17,2020-08-27 04:00:00+00:00,179.19499999999999,5122,14712,82
2020-08-24,2020-09-03 04:00:00+00:00,177.52000000000001,4779,13868,76.700000000000003
2020-08-31,2020-09-11 04:00:00+00:00,175.845,4398,12779,71.799999999999997
2020-09-07,2020-09-17 04:00:00+00:00,179.30600000000001,4403,13488,75.799999999999997
2020-09-14,2020-09-24 04:00:00+00:00,175.94200000000001,4470,13370,74.799999999999997
2020-09-21,2020-10-01 04:00:00+00:00,172.75800000000001,4358,13670,75.799999999999997
2020-09-28,2020-10-08 04:00:00+00:00,171.79599999999999,4532,13853,77.099999999999994
2020-10-05,2020-10-16 04:00:00+00:00,164.55099999999999,4269,13577,75.099999999999994
2020-10-12,2020-10-22 04:00:00+00:00,160.71899999999999,4131,13026,72.900000000000006
2020-10-19,2020-10-29 04:00:00+00:00,156.22800000000001,4126,13388,74.599999999999994
2020-10-26,2020-11-05 05:00:00+00:00,154.64400000000001,4275,13552,75.299999999999997
2020-11-02,2020-11-13 05:00:00+00:00,149.28899999999999,4237,13447,74.5
2020-11-09,2020-11-19 05:00:00+00:00,144.07300000000001,4275,13841,77.400000000000006
2020-11-16,2020-11-26 05:00:00+00:00,142.63200000000001,4608,14263,78.700000000000003
2020-11-23,2020-12-03 05:00:00+00:00,145.87,4587,14012,78.200000000000003
2020-11-30,2020-12-10 05:00:00+00:00,151.09200000000001,4671,14436,79.900000000000006
2020-12-07,2020-12-17 05:00:00+00:00,151.25899999999999,4604,14183,79.099999999999994
2020-12-14,2020-12-24 05:00:00+00:00,148.934,4590,14014,78
2020-12-21,2020-12-31 05:00:00+00:00,152.029,4639,14287,79.400000000000006
2020-12-28,2021-01-07 05:00:00+00:00,158.41900000000001,4785,14376,80.700000000000003
2021-01-04,2021-01-14 05:00:00+00:00,163.20500000000001,4661,14650,82
2021-01-11,2021-01-23 05:00:00+00:00,163.66200000000001,4529,14760,82.5
2021-01-18,2021-01-28 05:00:00+00:00,162.84700000000001,4518,14721,81.700000000000003
2021-01-25,2021-02-04 05:00:00+00:00,162.83799999999999,4622,14641,82.299999999999997
2021-02-01,2021-02-11 05:00:00+00:00,161.10599999999999,4660,14793,83
2021-02-08,2021-02-19 05:00:00+00:00,157.684,4574,14819,83.099999999999994
2021-02-15,2021-02-25 05:00:00+00:00,152.715,3621,12230,68.599999999999994
2021-02-22,2021-03-04 05:00:00+00:00,142.99600000000001,2898,9903,56
2021-03-01,2021-03-11 05:00:00+00:00,137.49199999999999,3704,12310,69
2021-03-08,2021-03-18 04:00:00+00:00,137.74700000000001,4228,13433,76.099999999999994
2021-03-15,2021-03-25 04:00:00+00:00,141.553,4601,14389,81.599999999999994
2021-03-22,2021-04-01 04:00:00+00:00,144.095,4738,14941,83.900000000000006
2021-03-29,2021-04-08 04:00:00+00:00,145.547,4639,15044,84
2021-04-05,2021-04-15 04:00:00+00:00,143.464,4643,15051,85
2021-04-12,2021-04-22 04:00:00+00:00,142.39099999999999,4555,14765,85
2021-04-19,2021-04-29 04:00:00+00:00,139.04900000000001,4626,15018,85.400000000000006
2021-04-26,2021-05-06 04:00:00+00:00,136.15299999999999,4498,15243,86.5
2021-05-03,2021-05-13 04:00:00+00:00,134.41900000000001,4655,15020,86.099999999999994
2021-05-10,2021-05-20 04:00:00+00:00,132.095,4553,15116,86.299999999999997
2021-05-17,2021-05-27 04:00:00+00:00,129.08199999999999,4665,15239,87
2021-05-24,2021-06-04 04:00:00+00:00,132.80199999999999,4807,15597,88.700000000000003
2021-05-31,2021-06-10 04:00:00+00:00,137.214,4918,15925,91.299999999999997
2021-06-07,2021-06-17 04:00:00+00:00,136.191,5056,16337,92.599999999999994
2021-06-14,2021-06-24 04:00:00+00:00,137.94499999999999,5112,16112,92.200000000000003
2021-06-21,2021-07-01 04:00:00+00:00,137.07599999999999,5029,16299,92.900000000000006
2021-06-28,2021-07-09 04:00:00+00:00,138.69200000000001,4967,16115,92.200000000000003
2021-07-05,2021-07-15 04:00:00+00:00,142.34899999999999,4926,16093,91.799999999999997
2021-07-12,2021-07-22 04:00:00+00:00,141,4902,16007,91.400000000000006
2021-07-19,2021-07-29 04:00:00+00:00,137.91200000000001,4739,15875,91.099999999999994
2021-07-26,2021-08-05 04:00:00+00:00,138.744,4877,15920,91.299999999999997
2021-08-02,2021-08-12 04:00:00+00:00,140.511,4885,16197,91.799999999999997
2021-08-09,2021-08-19 04:00:00+00:00,137.81399999999999,4848,16006,92.200000000000003
2021-08-16,2021-08-26 04:00:00+00:00,138.459,4988,16072,92.400000000000006
2021-08-23,2021-09-02 04:00:00+00:00,136.727,4810,15938,91.299999999999997
2021-08-30,2021-09-10 04:00:00+00:00,133.58600000000001,4185,14302,81.900000000000006
2021-09-06,2021-09-16 04:00:00+00:00,131.89699999999999,4156,14387,82.099999999999994
2021-09-13,2021-09-23 04:00:00+00:00,129.34299999999999,4454,15347,87.5
2021-09-20,2021-09-30 04:00:00+00:00,129.727,4648,15415,88.099999999999994
2021-09-27,2021-10-07 04:00:00+00:00,129.33099999999999,4778,15744,89.599999999999994
2021-10-04,2021-10-15 04:00:00+00:00,129.30699999999999,4706,15061,86.700000000000003
2021-10-11,2021-10-21 04:00:00+00:00,125.39400000000001,4417,14990,84.700000000000003
2021-10-18,2021-10-28 04:00:00+00:00,124.962,4581,15048,85.099999999999994
2021-10-25,2021-11-04 04:00:00+00:00,127.122,4833,15023,86.299999999999997
2021-11-01,2021-11-11 05:00:00+00:00,124.509,4868,15366,86.700000000000003
2021-11-08,2021-11-18 05:00:00+00:00,123.685,4842,15397,87.900000000000006
2021-11-15,2021-11-25 05:00:00+00:00,121.717,4784,15640,88.599999999999994
2021-11-22,2021-12-02 05:00:00+00:00,123.877,4872,15631,88.799999999999997
2021-11-29,2021-12-09 05:00:00+00:00,126.61,4917,15785,89.799999999999997
2021-12-06,2021-12-16 05:00:00+00:00,123.758,4812,15670,89.799999999999997
2021-12-13,2021-12-23 05:00:00+00:00,124.154,4852,15818,89.599999999999994
2021-12-20,2021-12-30 05:00:00+00:00,122.428,4935,15703,89.700000000000003
2021-12-27,2022-01-06 05:00:00+00:00,126.846,4965,15867,89.799999999999997
2022-01-03,2022-01-13 05:00:00+00:00,129.38300000000001,4788,15573,88.400000000000006
2022-01-10,2022-01-21 05:00:00+00:00,127.952,4728,15453,88.099999999999994
2022-01-17,2022-01-27 05:00:00+00:00,125.154,4756,15497,87.700000000000003
2022-01-24,2022-02-03 05:00:00+00:00,122.744,4602,15248,86.700000000000003
2022-01-31,2022-02-10 05:00:00+00:00,121.81399999999999,4699,15577,88.200000000000003
2022-02-07,2022-02-17 05:00:00+00:00,120.262,4455,14902,85.299999999999997
2022-02-14,2022-02-25 05:00:00+00:00,119.678,4693,15246,87.400000000000006
2022-02-21,2022-03-03 05:00:00+00:00,119.104,4713,15398,87.700000000000003
2022-02-28,2022-03-10 05:00:00+00:00,113.874,4640,15377,89.299999999999997
2022-03-07,2022-03-17 04:00:00+00:00,114.206,4945,15601,90.400000000000006
2022-03-14,2022-03-24 04:00:00+00:00,112.13500000000001,4979,15878,91.099999999999994
2022-03-21,2022-03-31 04:00:00+00:00,113.53,5099,15913,92.099999999999994
2022-03-28,2022-04-07 04:00:00+00:00,114.301,5042,15948,92.5
2022-04-04,2022-04-14 04:00:00+00:00,111.399,4654,15523,90
2022-04-11,2022-04-21 04:00:00+00:00,108.735,4816,15717,91
2022-04-18,2022-04-28 04:00:00+00:00,107.286,4782,15684,90.299999999999997
2022-04-25,2022-05-05 04:00:00+00:00,104.94199999999999,4719,15466,88.400000000000006
2022-05-02,2022-05-12 04:00:00+00:00,104.029,4882,15696,90
2022-05-09,2022-05-19 04:00:00+00:00,105.264,4880,15935,91.799999999999997
2022-05-16,2022-05-26 04:00:00+00:00,106.92100000000001,5147,16269,93.200000000000003
2022-05-23,2022-06-03 04:00:00+00:00,106.392,4984,16033,92.599999999999994
2022-05-30,2022-06-09 04:00:00+00:00,108.98399999999999,5001,16387,94.200000000000003
2022-06-06,2022-06-16 04:00:00+00:00,109.709,4944,16320,93.700000000000003
2022-06-13,2022-06-18 04:00:00+00:00,109.842,5051,16263,94
2022-06-20,2022-06-30 04:00:00+00:00,112.401,5136,16666,95
2022-06-27,2022-07-08 04:00:00+00:00,111.13500000000001,5379,16438,94.5
2022-07-04,2022-07-14 04:00:00+00:00,113.803,5133,16640,94.900000000000006
2022-07-11,2022-07-21 04:00:00+00:00,112.508,5031,16319,93.700000000000003
2022-07-18,2022-07-28 04:00:00+00:00,111.724,5009,16027,92.200000000000003
2022-07-25,2022-08-04 04:00:00+00:00,109.324,4933,15853,91
2022-08-01,2022-08-11 04:00:00+00:00,111.48999999999999,5122,16581,94.299999999999997
2022-08-08,2022-08-18 04:00:00+00:00,112.256,5178,16423,93.5
2022-08-15,2022-08-25 04:00:00+00:00,111.59399999999999,5200,16255,93.799999999999997
2022-08-22,2022-09-01 04:00:00+00:00,111.706,4919,16238,92.700000000000003
2022-08-29,2022-09-09 04:00:00+00:00,111.801,5031,15929,90.900000000000006
2022-09-05,2022-09-15 04:00:00+00:00,116.02,5019,16022,91.5
2022-09-12,2022-09-22 04:00:00+00:00,117.25,5236,16355,93.599999999999994
2022-09-19,2022-09-29 04:00:00+00:00,114.35899999999999,4958,15751,90.599999999999994
2022-09-26,2022-10-06 04:00:00+00:00,110.916,5188,15961,91.299999999999997
2022-10-03,2022-10-14 04:00:00+00:00,106.063,4863,15683,89.900000000000006
2022-10-10,2022-10-20 04:00:00+00:00,106.187,5023,15550,89.5
2022-10-17,2022-10-27 04:00:00+00:00,106.357,4978,15436,88.900000000000006
2022-10-24,2022-11-03 04:00:00+00:00,106.78400000000001,5117,15842,90.599999999999994
2022-10-31,2022-11-10 05:00:00+00:00,106.26300000000001,5204,16089,92.099999999999994
2022-11-07,2022-11-17 05:00:00+00:00,107.383,5097,16152,92.900000000000006
2022-11-14,2022-11-24 05:00:00+00:00,109.101,5111,16410,93.900000000000006
2022-11-21,2022-12-01 05:00:00+00:00,112.648,5311,16638,95.200000000000003
2022-11-28,2022-12-08 05:00:00+00:00,118.807,5332,16585,95.5
2022-12-05,2022-12-15 05:00:00+00:00,120.17100000000001,5168,16126,92.200000000000003
2022-12-12,2022-12-22 05:00:00+00:00,119.929,5102,15976,90.900000000000006
2022-12-19,2022-12-30 05:00:00+00:00,120.212,5085,16149,92
2022-12-26,2023-01-06 05:00:00+00:00,118.785,4035,13820,79.599999999999994
2023-01-02,2023-01-12 05:00:00+00:00,117.71599999999999,4544,14651,84.099999999999994
2023-01-09,2023-01-20 05:00:00+00:00,115.777,4601,14853,85.299999999999997
2023-01-16,2023-01-26 05:00:00+00:00,115.27,4592,14981,86.099999999999994
2023-01-23,2023-02-02 05:00:00+00:00,117.59,4692,14961,85.700000000000003
2023-01-30,2023-02-09 05:00:00+00:00,120.52200000000001,4664,15410,87.900000000000006
2023-02-06,2023-02-16 05:00:00+00:00,119.23699999999999,4509,15027,86.5
2023-02-13,2023-02-24 05:00:00+00:00,121.935,4700,15010,85.900000000000006
2023-02-20,2023-03-02 05:00:00+00:00,122.114,4609,14979,85.799999999999997
2023-02-27,2023-03-09 05:00:00+00:00,122.252,4525,14967,86
2023-03-06,2023-03-16 04:00:00+00:00,119.715,4428,15398,88.200000000000003
2023-03-13,2023-03-23 04:00:00+00:00,116.402,4503,15376,88.599999999999994
2023-03-20,2023-03-30 04:00:00+00:00,116.68300000000001,4633,15813,90.299999999999997
2023-03-27,2023-04-06 04:00:00+00:00,113.051,4740,15615,89.599999999999994
2023-04-03,2023-04-13 04:00:00+00:00,112.44499999999999,4583,15585,89.299999999999997
2023-04-10,2023-04-20 04:00:00+00:00,112.09,4750,15844,91
2023-04-17,2023-04-27 04:00:00+00:00,111.51300000000001,4669,15833,91.299999999999997
2023-04-24,2023-05-04 04:00:00+00:00,110.32299999999999,4576,15735,90.700000000000003
2023-05-01,2023-05-11 04:00:00+00:00,106.15300000000001,4606,15745,91
2023-05-08,2023-05-18 04:00:00+00:00,106.233,4856,15990,92
2023-05-15,2023-05-25 04:00:00+00:00,105.672,4875,16069,91.700000000000003
2023-05-22,2023-06-02 04:00:00+00:00,106.657,5040,16165,93.099999999999994
2023-05-29,2023-06-08 04:00:00+00:00,111.73099999999999,5243,16647,95.799999999999997
2023-06-05,2023-06-15 04:00:00+00:00,113.854,4988,16586,93.700000000000003
2023-06-12,2023-06-23 04:00:00+00:00,114.288,5077,16470,93.099999999999994
2023-06-19,2023-06-29 04:00:00+00:00,114.411,4709,16254,92.200000000000003
2023-06-26,2023-07-07 04:00:00+00:00,113.366,4850,16030,91.099999999999994
2023-07-03,2023-07-13 04:00:00+00:00,118.181,5086,16659,93.700000000000003
2023-07-10,2023-07-20 04:00:00+00:00,118.194,5032,16585,94.299999999999997
2023-07-17,2023-07-27 04:00:00+00:00,117.949,4781,16478,93.400000000000006
2023-07-24,2023-08-03 04:00:00+00:00,117.15300000000001,4861,16517,92.700000000000003
2023-07-31,2023-08-10 04:00:00+00:00,115.447,4911,16579,93.799999999999997
2023-08-07,2023-08-17 04:00:00+00:00,115.74299999999999,4729,16746,94.700000000000003
2023-08-14,2023-08-24 04:00:00+00:00,116.688,5066,16776,94.5
2023-08-21,2023-08-31 04:00:00+00:00,117.923,5023,16603,93.299999999999997
2023-08-28,2023-09-08 04:00:00+00:00,118.602,5017,16623,93.099999999999994
2023-09-04,2023-09-14 04:00:00+00:00,122.533,5011,16800,93.700000000000003
2023-09-11,2023-09-21 04:00:00+00:00,119.666,4782,16304,91.900000000000006
2023-09-18,2023-09-28 04:00:00+00:00,120.06399999999999,4932,16065,89.5
2023-09-25,2023-10-05 04:00:00+00:00,118.795,4689,15602,87.299999999999997
2023-10-02,2023-10-13 04:00:00+00:00,116.958,4727,15203,85.700000000000003
2023-10-09,2023-10-19 04:00:00+00:00,113.773,4694,15396,86.099999999999994
2023-10-16,2023-10-26 04:00:00+00:00,112.087,4733,15189,85.599999999999994
2023-10-23,2023-11-02 04:00:00+00:00,111.295,4580,15251,85.400000000000006
2023-10-30,2023-11-04 04:00:00+00:00,108.001,4700,15235,85.200000000000003
2023-11-06,2023-11-16 05:00:00+00:00,106.57899999999999,4753,15399,86.099999999999994
2023-11-13,2023-11-23 05:00:00+00:00,105.56100000000001,4938,15504,87
2023-11-20,2023-11-30 05:00:00+00:00,110.77800000000001,4998,16022,89.799999999999997
2023-11-27,2023-12-07 05:00:00+00:00,112.045,5070,16201,90.5
2023-12-04,2023-12-14 05:00:00+00:00,113.539,4987,16097,90.200000000000003
2023-12-11,2023-12-21 05:00:00+00:00,115.024,4873,16500,92.400000000000006
2023-12-18,2023-12-29 05:00:00+00:00,115.765,5116,16558,93.299999999999997
2023-12-25,2024-01-05 05:00:00+00:00,125.855,5231,16679,93.5
2024-01-01,2024-01-11 05:00:00+00:00,132.38300000000001,5167,16518,92.900000000000006
2024-01-08,2024-01-19 05:00:00+00:00,134.75299999999999,4902,16653,92.599999999999994
2024-01-15,2024-01-25 05:00:00+00:00,133.33600000000001,4500,15276,85.5
2024-01-22,2024-02-01 05:00:00+00:00,130.79499999999999,4385,14848,82.900000000000006
2024-01-29,2024-02-08 05:00:00+00:00,127.574,4357,14840,82.400000000000006
2024-02-05,2024-02-15 05:00:00+00:00,125.65900000000001,4076,14542,80.599999999999994
2024-02-12,2024-02-23 05:00:00+00:00,121.651,4171,14574,80.599999999999994
2024-02-19,2024-02-29 05:00:00+00:00,121.14100000000001,4289,14674,81.5
2024-02-26,2024-03-07 05:00:00+00:00,117.01000000000001,4345,15268,84.900000000000006
2024-03-04,2024-03-14 04:00:00+00:00,117.898,4562,15658,86.799999999999997
2024-03-11,2024-03-21 04:00:00+00:00,118.52200000000001,4690,15785,87.799999999999997
2024-03-18,2024-03-28 04:00:00+00:00,117.337,4814,15932,88.700000000000003
2024-03-25,2024-04-04 04:00:00+00:00,116.069,4606,15897,88.599999999999994
2024-04-01,2024-04-11 04:00:00+00:00,117.72799999999999,4639,15782,88.299999999999997
2024-04-08,2024-04-18 04:00:00+00:00,114.968,4601,15913,88.099999999999994
2024-04-15,2024-04-25 04:00:00+00:00,116.58199999999999,4779,15871,88.5
2024-04-22,2024-05-02 04:00:00+00:00,115.84999999999999,4508,15641,87.5
2024-04-29,2024-05-09 04:00:00+00:00,116.41,4783,15948,88.5
2024-05-06,2024-05-16 04:00:00+00:00,116.36499999999999,4804,16255,90.400000000000006
2024-05-13,2024-05-23 04:00:00+00:00,116.744,5064,16482,91.700000000000003
2024-05-20,2024-05-31 04:00:00+00:00,119.288,5030,17083,94.299999999999997
2024-05-27,2024-06-06 04:00:00+00:00,122.485,5061,17144,95.400000000000006
2024-06-03,2024-06-13 04:00:00+00:00,123.366,5032,17047,95
2024-06-10,2024-06-21 04:00:00+00:00,121.64,4760,16765,93.5
2024-06-17,2024-06-27 04:00:00+00:00,121.26300000000001,4902,16532,92.200000000000003
2024-06-24,2024-07-04 04:00:00+00:00,119.72799999999999,5106,16792,93.5
2024-07-01,2024-07-11 04:00:00+00:00,124.61199999999999,5128,17109,95.400000000000006
2024-07-08,2024-07-18 04:00:00+00:00,128.066,5229,16928,93.700000000000003
2024-07-15,2024-07-25 04:00:00+00:00,125.313,4937,16407,91.599999999999994
2024-07-22,2024-08-01 04:00:00+00:00,126.84699999999999,4980,16150,90.099999999999994
2024-07-29,2024-08-08 04:00:00+00:00,127.79600000000001,5036,16402,90.5
2024-08-05,2024-08-15 04:00:00+00:00,126.123,4769,16467,91.5
2024-08-12,2024-08-22 04:00:00+00:00,122.81100000000001,4892,16689,92.299999999999997
2024-08-19,2024-08-29 04:00:00+00:00,123.086,5002,16864,93.299999999999997
2024-08-26,2024-09-06 04:00:00+00:00,122.715,5169,16900,93.299999999999997
2024-09-02,2024-09-12 04:00:00+00:00,125.023,5209,16759,92.799999999999997
2024-09-09,2024-09-19 04:00:00+00:00,125.148,5056,16477,92.099999999999994
2024-09-16,2024-09-26 04:00:00+00:00,122.92100000000001,4898,16353,90.900000000000006
2024-09-23,2024-10-03 04:00:00+00:00,121.637,4794,15691,87.599999999999994
2024-09-30,2024-10-10 04:00:00+00:00,118.51300000000001,4988,15590,86.700000000000003
2024-10-07,2024-10-18 04:00:00+00:00,114.979,4754,15755,87.700000000000003
2024-10-14,2024-10-24 04:00:00+00:00,113.839,5011,16084,89.5
2024-10-21,2024-10-31 04:00:00+00:00,112.86199999999999,4863,16053,89.099999999999994
2024-10-28,2024-11-07 05:00:00+00:00,115.809,5096,16334,90.5
2024-11-04,2024-11-15 05:00:00+00:00,114.41500000000001,4969,16509,91.400000000000006
2024-11-11,2024-11-21 05:00:00+00:00,114.301,4837,16228,90.200000000000003
2024-11-18,2024-11-28 05:00:00+00:00,114.717,5096,16295,90.5
2024-11-25,2024-12-05 05:00:00+00:00,118.09999999999999,5315,16910,93.299999999999997
2024-12-02,2024-12-12 05:00:00+00:00,121.33499999999999,5229,16659,92.400000000000006
2024-12-09,2024-12-19 05:00:00+00:00,118.155,5094,16611,91.799999999999997
2024-12-16,2024-12-28 05:00:00+00:00,116.461,5272,16816,92.5
2024-12-23,2025-01-03 05:00:00+00:00,122.867,5371,16857,92.700000000000003
2024-12-30,2025-01-09 05:00:00+00:00,128.93799999999999,5204,16902,93.299999999999997
2025-01-06,2025-01-16 05:00:00+00:00,132.01499999999999,5183,16647,91.700000000000003
2025-01-13,2025-01-24 05:00:00+00:00,128.94499999999999,4710,15522,85.900000000000006
2025-01-20,2025-01-30 05:00:00+00:00,123.95099999999999,4738,15189,83.5
2025-01-27,2025-02-06 05:00:00+00:00,118.48,4552,15349,84.5
2025-02-03,2025-02-13 05:00:00+00:00,118.61499999999999,4543,15431,85
2025-02-10,2025-02-21 05:00:00+00:00,116.56399999999999,4723,15416,84.900000000000006
2025-02-17,2025-02-27 05:00:00+00:00,120.47199999999999,5162,15733,86.5
2025-02-24,2025-03-06 05:00:00+00:00,119.154,4575,15387,85.900000000000006
2025-03-03,2025-03-13 04:00:00+00:00,117.595,4462,15708,86.5
2025-03-10,2025-03-20 04:00:00+00:00,114.783,4613,15663,86.900000000000006
2025-03-17,2025-03-27 04:00:00+00:00,114.36199999999999,4513,15750,87
2025-03-24,2025-04-03 04:00:00+00:00,114.626,4677,15558,86
2025-03-31,2025-04-10 04:00:00+00:00,111.08199999999999,4658,15627,86.700000000000003
2025-04-07,2025-04-17 04:00:00+00:00,109.23099999999999,4688,15564,86.299999999999997
2025-04-14,2025-04-24 04:00:00+00:00,106.878,4626,15889,88.099999999999994
2025-04-21,2025-05-01 04:00:00+00:00,107.815,4609,16078,88.599999999999994
2025-04-28,2025-05-08 04:00:00+00:00,106.708,4650,16071,89
2025-05-05,2025-05-15 04:00:00+00:00,103.553,4581,16401,90.200000000000003
2025-05-12,2025-05-22 04:00:00+00:00,104.13200000000001,4712,16490,90.700000000000003
2025-05-19,2025-05-30 04:00:00+00:00,103.408,4812,16328,90.200000000000003
2025-05-26,2025-06-05 04:00:00+00:00,107.63800000000001,4994,16998,93.400000000000006
2025-06-02,2025-06-12 04:00:00+00:00,108.884,4897,17226,94.299999999999997
2025-06-09,2025-06-19 04:00:00+00:00,109.398,4974,16862,93.200000000000003
2025-06-16,2025-06-26 04:00:00+00:00,105.33199999999999,4789,16987,94.700000000000003
2025-06-23,2025-07-03 04:00:00+00:00,103.622,5034,17105,94.900000000000006
2025-06-30,2025-07-10 04:00:00+00:00,102.797,5093,17006,94.700000000000003
2025-07-07,2025-07-17 04:00:00+00:00,106.97,4984,16849,93.900000000000006
2025-07-14,2025-07-24 04:00:00+00:00,109.901,5079,16936,95.5
2025-07-21,2025-07-31 04:00:00+00:00,113.536,5209,16911,95.400000000000006
2025-07-28,2025-08-07 04:00:00+00:00,112.971,5105,17124,96.900000000000006
2025-08-04,2025-08-14 04:00:00+00:00,113.685,5137,17180,96.400000000000006
2025-08-11,2025-08-21 04:00:00+00:00,116.02800000000001,5330,17208,96.599999999999994
2025-08-18,2025-08-28 04:00:00+00:00,114.242,5217,16880,94.599999999999994
2025-08-25,2025-09-05 04:00:00+00:00,115.923,5253,16869,94.299999999999997
2025-09-01,2025-09-11 04:00:00+00:00,120.63800000000001,5229,16818,94.900000000000006
2025-09-08,2025-09-18 04:00:00+00:00,124.684,4955,16424,93.299999999999997
2025-09-15,2025-09-25 04:00:00+00:00,122.999,4984,16476,93
2025-09-22,2025-10-02 04:00:00+00:00,123.577,4959,16168,91.400000000000006
2025-09-29,2025-10-09 04:00:00+00:00,121.559,5169,16297,92.400000000000006
2025-10-06,2025-10-17 04:00:00+00:00,117.03,4592,15130,85.700000000000003
2025-10-13,2025-10-23 04:00:00+00:00,115.551,4632,15730,88.599999999999994
2025-10-20,2025-10-30 04:00:00+00:00,112.18899999999999,4498,15219,86.599999999999994
2025-10-27,2025-11-06 05:00:00+00:00,111.54600000000001,4709,15256,86
2025-11-03,2025-11-14 05:00:00+00:00,110.90900000000001,5028,15973,89.400000000000006
2025-11-10,2025-11-20 05:00:00+00:00,111.08,4911,16232,90
2025-11-17,2025-11-27 05:00:00+00:00,112.227,4998,16443,92.299999999999997
2025-11-24,2025-12-04 05:00:00+00:00,114.286,5051,16876,94.099999999999994
2025-12-01,2025-12-11 05:00:00+00:00,116.788,5431,16860,94.5
2025-12-08,2025-12-18 05:00:00+00:00,118.5,5203,16988,94.799999999999997
2025-12-15,2025-12-30 05:00:00+00:00,118.702,5310,16776,94.599999999999994
2025-12-22,2026-01-01 05:00:00+00:00,123.679,5234,16847,94.700000000000003
2025-12-29,2026-01-08 05:00:00+00:00,129.273,5315,16909,94.700000000000003
2026-01-05,2026-01-15 05:00:00+00:00,129.244,5296,16958,95.299999999999997
2026-01-12,2026-01-23 05:00:00+00:00,132.59200000000001,5087,16604,93.299999999999997
2026-01-19,2026-01-29 05:00:00+00:00,132.92099999999999,4819,16209,90.900000000000006
2026-01-26,2026-02-05 05:00:00+00:00,127.36799999999999,4814,16029,90.5
2026-02-02,2026-02-12 05:00:00+00:00,124.66500000000001,4859,16000,89.400000000000006
2026-02-09,2026-02-20 05:00:00+00:00,120.099,4887,16077,91
2026-02-16,2026-02-26 05:00:00+00:00,120.351,4751,15661,88.599999999999994
2026-02-23,2026-03-05 05:00:00+00:00,120.78,4812,15841,89.200000000000003
2026-03-02,2026-03-12 04:00:00+00:00,119.431,4944,16169,90.799999999999997
2026-03-09,2026-03-19 04:00:00+00:00,116.904,4869,16232,91.400000000000006
2026-03-16,2026-03-26 04:00:00+00:00,119.93600000000001,5026,16598,92.900000000000006
2026-03-23,2026-04-02 04:00:00+00:00,117.825,5026,16379,92.099999999999994
2026-03-30,2026-04-09 04:00:00+00:00,114.681,5035,16250,92
2026-04-06,2026-04-16 04:00:00+00:00,111.559,4866,16042,89.599999999999994
2026-04-13,2026-04-23 04:00:00+00:00,108.13200000000001,4953,15987,89.099999999999994
2026-04-20,2026-04-30 04:00:00+00:00,103.63800000000001,4940,16071,89.599999999999994
2026-04-27,2026-05-07 04:00:00+00:00,102.34399999999999,4916,16029,90.099999999999994
2026-05-04,2026-05-14 04:00:00+00:00,102.53400000000001,4792,16399,91.700000000000003
2026-05-11,2026-05-21 04:00:00+00:00,102.90600000000001,5006,16319,91.599999999999994
2026-05-18,2026-05-29 04:00:00+00:00,100.79900000000001,5082,16971,94.5
2026-05-25,2026-06-04 04:00:00+00:00,102.301,5180,16881,94.700000000000003
2026-06-01,2026-06-11 04:00:00+00:00,102.101,5204,16962,95.299999999999997
2026-06-08,2026-06-18 04:00:00+00:00,103.05200000000001,5175,17192,96.700000000000003
2026-06-15,2026-06-25 04:00:00+00:00,106.116,5230,17111,96.099999999999994
2026-06-22,2026-07-02 04:00:00+00:00,108.599,5188,17196,96.599999999999994
2026-06-29,2026-07-09 04:00:00+00:00,103.619,5187,17024,95.799999999999997
2026-07-06,2026-07-16 04:00:00+00:00,108.175,5259,17123,96.200000000000003
2026-07-13,2026-07-23 04:00:00+00:00,109.56999999999999,5349,17065,96.099999999999994
2026-07-20,2026-07-30 04:00:00+00:00,110.63200000000001,5364,17336,97.200000000000003
2026-07-27,2026-08-06 04:00:00+00:00,107.15900000000001,5230,17153,96.5
2026-08-03,2026-08-13 04:00:00+00:00,107.149,5280,17179,96.200000000000003
2026-08-10,2026-08-20 04:00:00+00:00,105.619,5226,17395,97.200000000000003
2026-08-17,2026-08-27 04:00:00+00:00,103.39100000000001,5135,17393,97.400000000000006
2026-08-24,2026-09-03 04:00:00+00:00,104.187,5126,17496,98
2026-08-31,2026-09-11 04:00:00+00:00,106.274,5348,17586,97.799999999999997
2026-09-07,2026-09-17 04:00:00+00:00,107.85899999999999,5227,17330,96.799999999999997
2026-09-14,2026-09-24 04:00:00+00:00,107.431,5159,16811,94
