sourceRow,surveyDate,surveyWeek,priceJPYPerLitre
2,1990-08-27,1990-08-27,72.0
3,1990-09-03,1990-09-03,72.0
4,1990-09-10,1990-09-10,72.0
5,1990-09-17,1990-09-17,74.0
6,1990-09-25,1990-09-24,83.0
7,1990-10-01,1990-10-01,83.0
8,1990-10-08,1990-10-08,83.0
9,1990-10-15,1990-10-15,83.0
10,1990-10-22,1990-10-22,88.0
11,1990-10-29,1990-10-29,88.0
12,1990-11-05,1990-11-05,88.0
13,1990-11-13,1990-11-12,88.0
14,1990-11-19,1990-11-19,88.0
15,1990-11-26,1990-11-26,88.0
16,1990-12-03,1990-12-03,88.0
17,1990-12-10,1990-12-10,88.0
18,1990-12-17,1990-12-17,86.0
19,1990-12-25,1990-12-24,85.0
20,1991-01-07,1991-01-07,85.0
21,1991-01-14,1991-01-14,85.0
22,1991-01-21,1991-01-21,82.0
23,1991-01-28,1991-01-28,82.0
24,1991-02-04,1991-02-04,82.0
25,1991-02-12,1991-02-11,82.0
26,1991-02-18,1991-02-18,81.0
27,1991-02-25,1991-02-25,79.0
28,1991-03-04,1991-03-04,79.0
29,1991-03-11,1991-03-11,79.0
30,1991-03-18,1991-03-18,78.0
31,1991-03-25,1991-03-25,77.0
32,1991-04-01,1991-04-01,77.0
33,1991-04-08,1991-04-08,77.0
34,1991-04-15,1991-04-15,77.0
35,1991-04-22,1991-04-22,77.0
36,1991-04-30,1991-04-29,77.0
37,1991-05-07,1991-05-06,77.0
38,1991-05-13,1991-05-13,77.0
39,1991-05-20,1991-05-20,77.0
40,1991-05-27,1991-05-27,77.0
41,1991-06-03,1991-06-03,77.0
42,1991-06-10,1991-06-10,77.0
43,1991-06-17,1991-06-17,77.0
44,1991-06-24,1991-06-24,77.0
45,1991-07-01,1991-07-01,77.0
46,1991-07-08,1991-07-08,77.0
47,1991-07-15,1991-07-15,77.0
48,1991-07-22,1991-07-22,77.0
49,1991-07-29,1991-07-29,77.0
50,1991-08-05,1991-08-05,77.0
51,1991-08-12,1991-08-12,77.0
52,1991-08-19,1991-08-19,77.0
53,1991-08-26,1991-08-26,77.0
54,1991-09-02,1991-09-02,77.0
55,1991-09-09,1991-09-09,77.0
56,1991-09-17,1991-09-16,77.0
57,1991-09-24,1991-09-23,77.0
58,1991-09-30,1991-09-30,77.0
59,1991-10-07,1991-10-07,77.0
60,1991-10-14,1991-10-14,77.0
61,1991-10-21,1991-10-21,77.0
62,1991-10-28,1991-10-28,77.0
63,1991-11-05,1991-11-04,78.0
64,1991-11-11,1991-11-11,78.0
65,1991-11-18,1991-11-18,78.0
66,1991-11-25,1991-11-25,78.0
67,1991-12-02,1991-12-02,78.0
68,1991-12-09,1991-12-09,78.0
69,1991-12-16,1991-12-16,78.0
70,1991-12-24,1991-12-23,78.0
71,1992-01-06,1992-01-06,78.0
72,1992-01-13,1992-01-13,78.0
73,1992-01-20,1992-01-20,77.0
74,1992-01-27,1992-01-27,77.0
75,1992-02-03,1992-02-03,77.0
76,1992-02-10,1992-02-10,76.0
77,1992-02-17,1992-02-17,76.0
78,1992-02-24,1992-02-24,76.0
79,1992-03-02,1992-03-02,76.0
80,1992-03-09,1992-03-09,76.0
81,1992-03-16,1992-03-16,76.0
82,1992-03-23,1992-03-23,76.0
85,1992-04-06,1992-04-06,76.0
86,1992-04-13,1992-04-13,76.0
87,1992-04-20,1992-04-20,76.0
88,1992-04-27,1992-04-27,76.0
89,1992-05-06,1992-05-04,75.0
90,1992-05-11,1992-05-11,75.0
91,1992-05-18,1992-05-18,75.0
92,1992-05-25,1992-05-25,75.0
93,1992-06-01,1992-06-01,75.0
94,1992-06-08,1992-06-08,75.0
95,1992-06-15,1992-06-15,75.0
96,1992-06-22,1992-06-22,75.0
97,1992-06-29,1992-06-29,75.0
98,1992-07-06,1992-07-06,75.0
99,1992-07-13,1992-07-13,75.0
100,1992-07-20,1992-07-20,76.0
101,1992-07-27,1992-07-27,76.0
102,1992-08-03,1992-08-03,76.0
103,1992-08-10,1992-08-10,76.0
104,1992-08-17,1992-08-17,76.0
105,1992-08-24,1992-08-24,76.0
106,1992-08-31,1992-08-31,76.0
107,1992-09-07,1992-09-07,77.0
108,1992-09-14,1992-09-14,77.0
109,1992-09-21,1992-09-21,77.0
110,1992-09-28,1992-09-28,77.0
111,1992-10-05,1992-10-05,77.0
112,1992-10-12,1992-10-12,77.0
113,1992-10-19,1992-10-19,77.0
114,1992-10-26,1992-10-26,77.0
115,1992-11-02,1992-11-02,77.0
116,1992-11-09,1992-11-09,77.0
117,1992-11-16,1992-11-16,77.0
118,1992-11-24,1992-11-23,77.0
119,1992-11-30,1992-11-30,77.0
120,1992-12-07,1992-12-07,77.0
121,1992-12-14,1992-12-14,77.0
122,1992-12-21,1992-12-21,77.0
123,1993-01-04,1993-01-04,77.0
124,1993-01-11,1993-01-11,77.0
125,1993-01-18,1993-01-18,77.0
126,1993-01-25,1993-01-25,77.0
127,1993-02-01,1993-02-01,77.0
128,1993-02-08,1993-02-08,77.0
129,1993-02-15,1993-02-15,77.0
130,1993-02-22,1993-02-22,77.0
131,1993-03-01,1993-03-01,77.0
132,1993-03-08,1993-03-08,77.0
133,1993-03-15,1993-03-15,77.0
134,1993-03-22,1993-03-22,77.0
135,1993-03-29,1993-03-29,77.0
136,1993-04-05,1993-04-05,77.0
137,1993-04-12,1993-04-12,77.0
138,1993-04-19,1993-04-19,77.0
139,1993-04-26,1993-04-26,77.0
140,1993-05-10,1993-05-10,77.0
141,1993-05-17,1993-05-17,77.0
142,1993-05-24,1993-05-24,77.0
143,1993-05-31,1993-05-31,77.0
144,1993-06-07,1993-06-07,77.0
145,1993-06-14,1993-06-14,77.0
146,1993-06-21,1993-06-21,77.0
147,1993-06-28,1993-06-28,77.0
148,1993-07-05,1993-07-05,77.0
149,1993-07-12,1993-07-12,77.0
150,1993-07-19,1993-07-19,77.0
151,1993-07-26,1993-07-26,77.0
152,1993-08-02,1993-08-02,77.0
153,1993-08-09,1993-08-09,77.0
154,1993-08-16,1993-08-16,77.0
155,1993-08-23,1993-08-23,76.0
156,1993-08-30,1993-08-30,76.0
157,1993-09-06,1993-09-06,76.0
158,1993-09-13,1993-09-13,76.0
159,1993-09-20,1993-09-20,76.0
160,1993-09-27,1993-09-27,76.0
161,1993-10-04,1993-10-04,76.0
162,1993-10-12,1993-10-11,76.0
163,1993-10-18,1993-10-18,76.0
164,1993-10-25,1993-10-25,76.0
165,1993-11-01,1993-11-01,76.0
166,1993-11-08,1993-11-08,76.0
167,1993-11-15,1993-11-15,76.0
168,1993-11-22,1993-11-22,76.0
171,1993-12-06,1993-12-06,84.0
172,1993-12-13,1993-12-13,84.0
173,1993-12-20,1993-12-20,84.0
174,1994-01-05,1994-01-03,84.0
175,1994-01-10,1994-01-10,84.0
176,1994-01-17,1994-01-17,84.0
177,1994-01-24,1994-01-24,84.0
178,1994-01-31,1994-01-31,84.0
179,1994-02-07,1994-02-07,84.0
180,1994-02-14,1994-02-14,83.0
181,1994-02-21,1994-02-21,83.0
182,1994-02-28,1994-02-28,83.0
183,1994-03-07,1994-03-07,83.0
184,1994-03-14,1994-03-14,83.0
185,1994-03-22,1994-03-21,83.0
186,1994-03-28,1994-03-28,83.0
187,1994-04-04,1994-04-04,83.0
188,1994-04-11,1994-04-11,83.0
189,1994-04-18,1994-04-18,83.0
190,1994-04-25,1994-04-25,83.0
191,1994-05-09,1994-05-09,83.0
192,1994-05-16,1994-05-16,83.0
193,1994-05-23,1994-05-23,83.0
194,1994-05-30,1994-05-30,83.0
195,1994-06-06,1994-06-06,83.0
196,1994-06-13,1994-06-13,83.0
197,1994-06-20,1994-06-20,83.0
198,1994-06-27,1994-06-27,83.0
199,1994-07-04,1994-07-04,83.0
200,1994-07-11,1994-07-11,83.0
201,1994-07-18,1994-07-18,83.0
202,1994-07-25,1994-07-25,83.0
203,1994-08-01,1994-08-01,83.0
204,1994-08-08,1994-08-08,83.0
205,1994-08-15,1994-08-15,83.0
206,1994-08-22,1994-08-22,83.0
207,1994-08-29,1994-08-29,83.0
208,1994-09-05,1994-09-05,83.0
209,1994-09-12,1994-09-12,83.0
210,1994-09-19,1994-09-19,83.0
211,1994-09-26,1994-09-26,83.0
212,1994-10-03,1994-10-03,83.0
213,1994-10-11,1994-10-10,83.0
214,1994-10-17,1994-10-17,82.0
215,1994-10-24,1994-10-24,82.0
216,1994-10-31,1994-10-31,82.0
217,1994-11-07,1994-11-07,82.0
218,1994-11-14,1994-11-14,82.0
219,1994-11-21,1994-11-21,82.0
220,1994-11-28,1994-11-28,82.0
221,1994-12-05,1994-12-05,82.0
222,1994-12-12,1994-12-12,82.0
223,1994-12-19,1994-12-19,82.0
224,1994-12-26,1994-12-26,82.0
225,1995-01-09,1995-01-09,82.0
226,1995-01-17,1995-01-16,82.0
227,1995-01-23,1995-01-23,82.0
228,1995-01-30,1995-01-30,82.0
229,1995-02-06,1995-02-06,82.0
230,1995-02-13,1995-02-13,82.0
231,1995-02-20,1995-02-20,82.0
232,1995-02-27,1995-02-27,82.0
233,1995-03-06,1995-03-06,82.0
234,1995-03-13,1995-03-13,81.0
235,1995-03-20,1995-03-20,81.0
236,1995-03-27,1995-03-27,81.0
237,1995-04-03,1995-04-03,81.0
238,1995-04-10,1995-04-10,81.0
239,1995-04-17,1995-04-17,81.0
240,1995-04-24,1995-04-24,81.0
241,1995-05-08,1995-05-08,81.0
242,1995-05-15,1995-05-15,81.0
243,1995-05-22,1995-05-22,81.0
244,1995-05-29,1995-05-29,81.0
245,1995-06-05,1995-06-05,80.0
246,1995-06-12,1995-06-12,80.0
247,1995-06-19,1995-06-19,80.0
248,1995-06-26,1995-06-26,80.0
249,1995-07-03,1995-07-03,80.0
250,1995-07-10,1995-07-10,80.0
251,1995-07-17,1995-07-17,80.0
252,1995-07-24,1995-07-24,80.0
253,1995-07-31,1995-07-31,80.0
254,1995-08-07,1995-08-07,80.0
255,1995-08-14,1995-08-14,80.0
256,1995-08-21,1995-08-21,80.0
257,1995-08-28,1995-08-28,80.0
258,1995-09-04,1995-09-04,80.0
259,1995-09-11,1995-09-11,79.0
260,1995-09-18,1995-09-18,79.0
261,1995-09-25,1995-09-25,79.0
262,1995-10-02,1995-10-02,79.0
263,1995-10-09,1995-10-09,79.0
264,1995-10-16,1995-10-16,79.0
265,1995-10-23,1995-10-23,79.0
266,1995-10-30,1995-10-30,79.0
267,1995-11-06,1995-11-06,79.0
268,1995-11-13,1995-11-13,79.0
269,1995-11-20,1995-11-20,79.0
270,1995-11-27,1995-11-27,79.0
271,1995-12-04,1995-12-04,79.0
272,1995-12-11,1995-12-11,79.0
273,1995-12-18,1995-12-18,79.0
274,1995-12-25,1995-12-25,79.0
275,1996-01-08,1996-01-08,79.0
276,1996-01-16,1996-01-15,79.0
277,1996-01-22,1996-01-22,79.0
278,1996-01-29,1996-01-29,79.0
279,1996-02-05,1996-02-05,79.0
280,1996-02-13,1996-02-12,79.0
281,1996-02-19,1996-02-19,79.0
282,1996-02-26,1996-02-26,79.0
283,1996-03-04,1996-03-04,79.0
284,1996-03-11,1996-03-11,79.0
285,1996-03-18,1996-03-18,79.0
286,1996-03-25,1996-03-25,79.0
287,1996-04-01,1996-04-01,80.0
288,1996-04-08,1996-04-08,81.0
289,1996-04-15,1996-04-15,81.0
290,1996-04-22,1996-04-22,81.0
291,1996-04-30,1996-04-29,81.0
292,1996-05-07,1996-05-06,81.0
293,1996-05-13,1996-05-13,81.0
294,1996-05-20,1996-05-20,81.0
295,1996-05-27,1996-05-27,81.0
296,1996-06-03,1996-06-03,81.0
297,1996-06-10,1996-06-10,81.0
298,1996-06-17,1996-06-17,81.0
299,1996-06-24,1996-06-24,81.0
300,1996-07-01,1996-07-01,81.0
301,1996-07-08,1996-07-08,81.0
302,1996-07-15,1996-07-15,81.0
303,1996-07-22,1996-07-22,81.0
304,1996-07-29,1996-07-29,81.0
305,1996-08-05,1996-08-05,81.0
306,1996-08-12,1996-08-12,81.0
307,1996-08-19,1996-08-19,81.0
308,1996-08-26,1996-08-26,81.0
309,1996-09-02,1996-09-02,81.0
310,1996-09-09,1996-09-09,81.0
311,1996-09-17,1996-09-16,81.0
312,1996-09-24,1996-09-23,81.0
313,1996-09-30,1996-09-30,81.0
314,1996-10-07,1996-10-07,81.0
315,1996-10-14,1996-10-14,81.0
316,1996-10-21,1996-10-21,81.0
317,1996-10-28,1996-10-28,81.0
318,1996-11-05,1996-11-04,81.0
319,1996-11-11,1996-11-11,82.0
320,1996-11-18,1996-11-18,82.0
321,1996-11-25,1996-11-25,82.0
322,1996-12-02,1996-12-02,82.0
323,1996-12-09,1996-12-09,82.0
324,1996-12-16,1996-12-16,82.0
325,1996-12-24,1996-12-23,82.0
326,1997-01-06,1997-01-06,82.0
327,1997-01-13,1997-01-13,83.0
328,1997-01-20,1997-01-20,83.0
329,1997-01-27,1997-01-27,83.0
330,1997-02-03,1997-02-03,83.0
331,1997-02-10,1997-02-10,83.0
332,1997-02-17,1997-02-17,83.0
333,1997-02-24,1997-02-24,83.0
334,1997-03-03,1997-03-03,83.0
335,1997-03-10,1997-03-10,83.0
336,1997-03-17,1997-03-17,83.0
337,1997-03-24,1997-03-24,83.0
338,1997-03-31,1997-03-31,83.0
339,1997-04-07,1997-04-07,83.0
340,1997-04-14,1997-04-14,83.0
341,1997-04-21,1997-04-21,83.0
342,1997-04-28,1997-04-28,83.0
343,1997-05-06,1997-05-05,83.0
344,1997-05-12,1997-05-12,83.0
345,1997-05-19,1997-05-19,83.0
346,1997-05-26,1997-05-26,83.0
347,1997-06-02,1997-06-02,83.0
348,1997-06-09,1997-06-09,82.0
349,1997-06-16,1997-06-16,82.0
350,1997-06-23,1997-06-23,82.0
351,1997-06-30,1997-06-30,82.0
352,1997-07-07,1997-07-07,82.0
353,1997-07-14,1997-07-14,82.0
354,1997-07-22,1997-07-21,82.0
355,1997-07-28,1997-07-28,82.0
356,1997-08-04,1997-08-04,82.0
357,1997-08-11,1997-08-11,82.0
358,1997-08-18,1997-08-18,82.0
359,1997-08-25,1997-08-25,82.0
360,1997-09-01,1997-09-01,82.0
361,1997-09-08,1997-09-08,82.0
362,1997-09-16,1997-09-15,81.0
363,1997-09-22,1997-09-22,81.0
364,1997-09-29,1997-09-29,81.0
365,1997-10-06,1997-10-06,81.0
366,1997-10-13,1997-10-13,81.0
367,1997-10-20,1997-10-20,81.0
368,1997-10-27,1997-10-27,81.0
369,1997-11-04,1997-11-03,81.0
370,1997-11-10,1997-11-10,81.0
371,1997-11-17,1997-11-17,81.0
372,1997-11-25,1997-11-24,81.0
373,1997-12-01,1997-12-01,81.0
374,1997-12-08,1997-12-08,81.0
375,1997-12-15,1997-12-15,80.0
376,1997-12-22,1997-12-22,80.0
377,1998-01-05,1998-01-05,80.0
378,1998-01-12,1998-01-12,80.0
379,1998-01-19,1998-01-19,80.0
380,1998-01-26,1998-01-26,80.0
381,1998-02-02,1998-02-02,80.0
382,1998-02-09,1998-02-09,80.0
383,1998-02-16,1998-02-16,80.0
384,1998-02-23,1998-02-23,80.0
385,1998-03-02,1998-03-02,79.0
386,1998-03-09,1998-03-09,79.0
387,1998-03-16,1998-03-16,79.0
388,1998-03-23,1998-03-23,79.0
389,1998-03-30,1998-03-30,79.0
390,1998-04-06,1998-04-06,78.0
391,1998-04-13,1998-04-13,78.0
392,1998-04-20,1998-04-20,78.0
393,1998-04-27,1998-04-27,78.0
394,1998-05-06,1998-05-04,77.0
395,1998-05-11,1998-05-11,77.0
396,1998-05-18,1998-05-18,77.0
397,1998-05-25,1998-05-25,77.0
398,1998-06-01,1998-06-01,77.0
399,1998-06-08,1998-06-08,77.0
400,1998-06-15,1998-06-15,77.0
401,1998-06-22,1998-06-22,77.0
402,1998-06-29,1998-06-29,77.0
403,1998-07-06,1998-07-06,76.0
404,1998-07-13,1998-07-13,76.0
405,1998-07-21,1998-07-20,76.0
406,1998-07-27,1998-07-27,76.0
407,1998-08-03,1998-08-03,76.0
408,1998-08-10,1998-08-10,76.0
409,1998-08-17,1998-08-17,76.0
410,1998-08-24,1998-08-24,76.0
411,1998-08-31,1998-08-31,76.0
412,1998-09-07,1998-09-07,76.0
413,1998-09-14,1998-09-14,76.0
414,1998-09-21,1998-09-21,76.0
415,1998-09-28,1998-09-28,76.0
416,1998-10-05,1998-10-05,76.0
417,1998-10-12,1998-10-12,76.0
418,1998-10-19,1998-10-19,76.0
419,1998-10-26,1998-10-26,76.0
420,1998-11-02,1998-11-02,76.0
421,1998-11-09,1998-11-09,76.0
422,1998-11-16,1998-11-16,76.0
423,1998-11-24,1998-11-23,76.0
424,1998-11-30,1998-11-30,76.0
425,1998-12-07,1998-12-07,76.0
426,1998-12-14,1998-12-14,76.0
427,1998-12-21,1998-12-21,76.0
428,1999-01-05,1999-01-04,76.0
429,1999-01-11,1999-01-11,76.0
430,1999-01-18,1999-01-18,76.0
431,1999-01-25,1999-01-25,76.0
432,1999-02-01,1999-02-01,76.0
433,1999-02-08,1999-02-08,76.0
434,1999-02-15,1999-02-15,76.0
435,1999-02-22,1999-02-22,76.0
436,1999-03-01,1999-03-01,76.0
437,1999-03-08,1999-03-08,76.0
438,1999-03-15,1999-03-15,75.0
439,1999-03-23,1999-03-22,75.0
440,1999-03-29,1999-03-29,75.0
441,1999-04-05,1999-04-05,75.0
442,1999-04-12,1999-04-12,75.0
443,1999-04-19,1999-04-19,75.0
444,1999-04-26,1999-04-26,75.0
445,1999-05-10,1999-05-10,75.0
446,1999-05-17,1999-05-17,75.0
447,1999-05-24,1999-05-24,75.0
448,1999-05-31,1999-05-31,75.0
449,1999-06-07,1999-06-07,75.0
450,1999-06-14,1999-06-14,75.0
451,1999-06-21,1999-06-21,76.0
452,1999-06-28,1999-06-28,76.0
453,1999-07-05,1999-07-05,76.0
454,1999-07-12,1999-07-12,76.0
455,1999-07-19,1999-07-19,76.0
456,1999-07-26,1999-07-26,76.0
457,1999-08-02,1999-08-02,76.0
458,1999-08-09,1999-08-09,76.0
459,1999-08-16,1999-08-16,77.0
460,1999-08-23,1999-08-23,77.0
461,1999-08-30,1999-08-30,77.0
462,1999-09-06,1999-09-06,77.0
463,1999-09-13,1999-09-13,77.0
464,1999-09-20,1999-09-20,77.0
465,1999-09-27,1999-09-27,77.0
466,1999-10-04,1999-10-04,78.0
467,1999-10-12,1999-10-11,78.0
468,1999-10-18,1999-10-18,78.0
469,1999-10-25,1999-10-25,78.0
470,1999-11-01,1999-11-01,79.0
471,1999-11-08,1999-11-08,79.0
472,1999-11-15,1999-11-15,79.0
473,1999-11-22,1999-11-22,79.0
474,1999-11-29,1999-11-29,79.0
475,1999-12-06,1999-12-06,79.0
476,1999-12-13,1999-12-13,79.0
477,1999-12-20,1999-12-20,79.0
478,1999-12-27,1999-12-27,79.0
479,2000-01-05,2000-01-03,79.0
480,2000-01-11,2000-01-10,79.0
481,2000-01-17,2000-01-17,79.0
482,2000-01-24,2000-01-24,79.0
483,2000-01-31,2000-01-31,79.0
484,2000-02-07,2000-02-07,79.0
485,2000-02-14,2000-02-14,79.0
486,2000-02-21,2000-02-21,79.0
487,2000-02-28,2000-02-28,79.0
488,2000-03-06,2000-03-06,79.0
489,2000-03-13,2000-03-13,80.0
490,2000-03-21,2000-03-20,80.0
491,2000-03-27,2000-03-27,80.0
492,2000-04-03,2000-04-03,80.0
493,2000-04-10,2000-04-10,80.0
494,2000-04-17,2000-04-17,80.0
495,2000-04-24,2000-04-24,81.0
496,2000-05-08,2000-05-08,81.0
497,2000-05-15,2000-05-15,81.0
498,2000-05-22,2000-05-22,81.0
499,2000-05-29,2000-05-29,81.0
500,2000-06-05,2000-06-05,81.0
501,2000-06-12,2000-06-12,81.0
502,2000-06-19,2000-06-19,81.0
503,2000-06-26,2000-06-26,81.0
504,2000-07-03,2000-07-03,81.0
505,2000-07-10,2000-07-10,82.0
506,2000-07-17,2000-07-17,82.0
507,2000-07-24,2000-07-24,82.0
508,2000-07-31,2000-07-31,82.0
509,2000-08-07,2000-08-07,82.0
510,2000-08-14,2000-08-14,82.0
511,2000-08-21,2000-08-21,82.0
512,2000-08-28,2000-08-28,82.0
513,2000-09-04,2000-09-04,82.0
514,2000-09-11,2000-09-11,82.0
515,2000-09-18,2000-09-18,82.0
516,2000-09-25,2000-09-25,82.0
517,2000-10-02,2000-10-02,83.0
518,2000-10-10,2000-10-09,84.0
519,2000-10-16,2000-10-16,84.0
520,2000-10-23,2000-10-23,84.0
521,2000-10-30,2000-10-30,84.0
522,2000-11-06,2000-11-06,84.0
523,2000-11-13,2000-11-13,84.0
524,2000-11-20,2000-11-20,85.0
525,2000-11-27,2000-11-27,85.0
526,2000-12-04,2000-12-04,85.0
527,2000-12-11,2000-12-11,85.0
528,2000-12-18,2000-12-18,85.0
529,2000-12-25,2000-12-25,85.0
530,2001-01-09,2001-01-08,85.0
531,2001-01-15,2001-01-15,85.0
532,2001-01-22,2001-01-22,85.0
533,2001-01-29,2001-01-29,85.0
534,2001-02-05,2001-02-05,85.0
535,2001-02-13,2001-02-12,84.0
536,2001-02-19,2001-02-19,84.0
537,2001-02-26,2001-02-26,84.0
538,2001-03-05,2001-03-05,84.0
539,2001-03-12,2001-03-12,84.0
540,2001-03-19,2001-03-19,84.0
541,2001-03-26,2001-03-26,84.0
542,2001-04-02,2001-04-02,84.0
543,2001-04-09,2001-04-09,84.0
544,2001-04-16,2001-04-16,84.0
545,2001-04-23,2001-04-23,84.0
546,2001-05-07,2001-05-07,84.0
547,2001-05-14,2001-05-14,83.0
548,2001-05-21,2001-05-21,83.0
549,2001-05-28,2001-05-28,83.0
550,2001-06-04,2001-06-04,83.0
551,2001-06-11,2001-06-11,83.0
552,2001-06-18,2001-06-18,83.0
553,2001-06-25,2001-06-25,83.0
554,2001-07-02,2001-07-02,83.0
555,2001-07-09,2001-07-09,83.0
556,2001-07-16,2001-07-16,83.0
557,2001-07-23,2001-07-23,83.0
558,2001-07-30,2001-07-30,83.0
559,2001-08-06,2001-08-06,83.0
560,2001-08-13,2001-08-13,83.0
561,2001-08-20,2001-08-20,83.0
562,2001-08-27,2001-08-27,83.0
563,2001-09-03,2001-09-03,83.0
564,2001-09-10,2001-09-10,83.0
565,2001-09-17,2001-09-17,83.0
566,2001-09-25,2001-09-24,83.0
567,2001-10-01,2001-10-01,83.0
568,2001-10-09,2001-10-08,83.0
569,2001-10-15,2001-10-15,83.0
570,2001-10-22,2001-10-22,82.0
571,2001-10-29,2001-10-29,82.0
572,2001-11-05,2001-11-05,82.0
573,2001-11-12,2001-11-12,82.0
574,2001-11-19,2001-11-19,82.0
575,2001-11-26,2001-11-26,82.0
576,2001-12-03,2001-12-03,82.0
577,2001-12-10,2001-12-10,81.0
578,2001-12-17,2001-12-17,81.0
579,2001-12-25,2001-12-24,81.0
580,2002-01-07,2002-01-07,81.0
581,2002-01-15,2002-01-14,81.0
582,2002-01-21,2002-01-21,80.0
583,2002-01-28,2002-01-28,80.0
584,2002-02-04,2002-02-04,80.0
585,2002-02-12,2002-02-11,80.0
586,2002-02-18,2002-02-18,80.0
587,2002-02-25,2002-02-25,80.0
588,2002-03-04,2002-03-04,80.0
589,2002-03-11,2002-03-11,80.0
590,2002-03-18,2002-03-18,80.0
591,2002-03-25,2002-03-25,80.0
592,2002-04-01,2002-04-01,80.0
593,2002-04-08,2002-04-08,80.0
594,2002-04-15,2002-04-15,80.0
595,2002-04-22,2002-04-22,80.0
596,2002-04-30,2002-04-29,80.0
597,2002-05-07,2002-05-06,81.0
598,2002-05-13,2002-05-13,81.0
599,2002-05-20,2002-05-20,81.0
600,2002-05-27,2002-05-27,82.0
601,2002-06-03,2002-06-03,82.0
602,2002-06-10,2002-06-10,82.0
603,2002-06-17,2002-06-17,82.0
604,2002-06-24,2002-06-24,82.0
605,2002-07-01,2002-07-01,82.0
606,2002-07-08,2002-07-08,81.0
607,2002-07-15,2002-07-15,81.0
608,2002-07-22,2002-07-22,81.0
609,2002-07-29,2002-07-29,81.0
610,2002-08-05,2002-08-05,81.0
611,2002-08-12,2002-08-12,81.0
612,2002-08-19,2002-08-19,81.0
613,2002-08-26,2002-08-26,81.0
614,2002-09-02,2002-09-02,81.0
615,2002-09-09,2002-09-09,80.0
616,2002-09-17,2002-09-16,80.0
617,2002-09-24,2002-09-23,80.0
618,2002-09-30,2002-09-30,80.0
619,2002-10-07,2002-10-07,81.0
620,2002-10-15,2002-10-14,81.0
621,2002-10-21,2002-10-21,81.0
622,2002-10-28,2002-10-28,81.0
623,2002-11-05,2002-11-04,81.0
624,2002-11-11,2002-11-11,81.0
625,2002-11-18,2002-11-18,81.0
626,2002-11-25,2002-11-25,81.0
627,2002-12-02,2002-12-02,81.0
628,2002-12-09,2002-12-09,81.0
629,2002-12-16,2002-12-16,81.0
630,2002-12-24,2002-12-23,81.0
631,2003-01-06,2003-01-06,81.0
632,2003-01-14,2003-01-13,81.0
633,2003-01-20,2003-01-20,81.0
634,2003-01-27,2003-01-27,81.0
635,2003-02-03,2003-02-03,81.0
636,2003-02-10,2003-02-10,81.0
637,2003-02-17,2003-02-17,81.0
638,2003-02-24,2003-02-24,82.0
639,2003-03-03,2003-03-03,82.0
640,2003-03-10,2003-03-10,82.0
641,2003-03-17,2003-03-17,83.0
642,2003-03-24,2003-03-24,83.4
643,2003-03-31,2003-03-31,83.5
644,2003-04-07,2003-04-07,83.7
645,2003-04-14,2003-04-14,83.8
646,2003-04-21,2003-04-21,83.8
647,2003-04-28,2003-04-28,83.8
648,2003-05-06,2003-05-05,83.8
649,2003-05-12,2003-05-12,83.6
650,2003-05-19,2003-05-19,83.4
651,2003-05-26,2003-05-26,83.2
652,2003-06-02,2003-06-02,83.0
653,2003-06-09,2003-06-09,82.8
654,2003-06-16,2003-06-16,82.5
655,2003-06-23,2003-06-23,82.3
656,2003-06-30,2003-06-30,82.2
657,2003-07-07,2003-07-07,82.1
658,2003-07-14,2003-07-14,82.1
659,2003-07-22,2003-07-21,82.0
660,2003-07-28,2003-07-28,82.0
661,2003-08-04,2003-08-04,82.0
662,2003-08-11,2003-08-11,82.0
663,2003-08-18,2003-08-18,81.9
664,2003-08-25,2003-08-25,81.9
665,2003-09-01,2003-09-01,81.7
666,2003-09-08,2003-09-08,81.9
667,2003-09-16,2003-09-15,82.0
668,2003-09-22,2003-09-22,82.0
669,2003-09-29,2003-09-29,81.9
670,2003-10-06,2003-10-06,81.9
671,2003-10-14,2003-10-13,81.7
672,2003-10-20,2003-10-20,81.7
673,2003-10-27,2003-10-27,81.7
674,2003-11-04,2003-11-03,81.5
675,2003-11-10,2003-11-10,81.6
676,2003-11-17,2003-11-17,81.6
677,2003-11-25,2003-11-24,81.4
678,2003-12-01,2003-12-01,81.3
679,2003-12-08,2003-12-08,81.2
680,2003-12-15,2003-12-15,81.2
681,2003-12-22,2003-12-22,81.3
682,2004-01-05,2004-01-05,81.2
683,2004-01-13,2004-01-12,81.2
684,2004-01-19,2004-01-19,81.1
685,2004-01-26,2004-01-26,81.1
686,2004-02-02,2004-02-02,81.1
687,2004-02-09,2004-02-09,81.1
688,2004-02-16,2004-02-16,81.1
689,2004-02-23,2004-02-23,81.1
690,2004-03-01,2004-03-01,81.1
691,2004-03-08,2004-03-08,81.1
692,2004-03-15,2004-03-15,81.2
693,2004-03-22,2004-03-22,81.3
694,2004-03-29,2004-03-29,81.4
695,2004-04-05,2004-04-05,84.4
696,2004-04-12,2004-04-12,84.5
697,2004-04-19,2004-04-19,84.8
698,2004-04-26,2004-04-26,84.9
699,2004-05-10,2004-05-10,85.1
700,2004-05-17,2004-05-17,85.1
701,2004-05-24,2004-05-24,85.3
702,2004-05-31,2004-05-31,85.6
703,2004-06-07,2004-06-07,88.3
704,2004-06-14,2004-06-14,89.1
705,2004-06-21,2004-06-21,89.3
706,2004-06-28,2004-06-28,89.3
707,2004-07-05,2004-07-05,89.4
708,2004-07-12,2004-07-12,89.5
709,2004-07-20,2004-07-19,89.6
710,2004-07-26,2004-07-26,89.6
711,2004-08-02,2004-08-02,89.6
712,2004-08-09,2004-08-09,89.6
713,2004-08-16,2004-08-16,89.7
714,2004-08-23,2004-08-23,89.8
715,2004-08-30,2004-08-30,89.8
716,2004-09-06,2004-09-06,93.5
717,2004-09-13,2004-09-13,93.8
718,2004-09-21,2004-09-20,93.8
719,2004-09-27,2004-09-27,93.8
720,2004-10-04,2004-10-04,93.8
721,2004-10-12,2004-10-11,93.8
722,2004-10-18,2004-10-18,93.8
723,2004-10-25,2004-10-25,93.8
724,2004-11-01,2004-11-01,94.2
725,2004-11-08,2004-11-08,94.5
726,2004-11-15,2004-11-15,94.6
727,2004-11-22,2004-11-22,94.6
728,2004-11-29,2004-11-29,94.6
729,2004-12-06,2004-12-06,94.3
730,2004-12-13,2004-12-13,94.1
731,2004-12-20,2004-12-20,93.8
732,2005-01-04,2005-01-03,93.4
733,2005-01-11,2005-01-10,93.2
734,2005-01-17,2005-01-17,93.0
735,2005-01-24,2005-01-24,92.9
736,2005-01-31,2005-01-31,92.8
737,2005-02-07,2005-02-07,92.8
738,2005-02-14,2005-02-14,92.7
739,2005-02-21,2005-02-21,92.6
740,2005-02-28,2005-02-28,92.6
741,2005-03-07,2005-03-07,92.8
742,2005-03-14,2005-03-14,93.1
743,2005-03-22,2005-03-21,93.3
744,2005-03-28,2005-03-28,93.5
745,2005-04-04,2005-04-04,97.3
746,2005-04-11,2005-04-11,97.9
747,2005-04-18,2005-04-18,98.0
748,2005-04-25,2005-04-25,98.1
749,2005-05-02,2005-05-02,99.4
750,2005-05-09,2005-05-09,99.9
751,2005-05-16,2005-05-16,100.2
752,2005-05-23,2005-05-23,100.2
753,2005-05-30,2005-05-30,100.1
754,2005-06-06,2005-06-06,99.7
755,2005-06-13,2005-06-13,99.5
756,2005-06-20,2005-06-20,99.4
757,2005-06-27,2005-06-27,99.4
758,2005-07-04,2005-07-04,100.7
759,2005-07-11,2005-07-11,101.3
760,2005-07-19,2005-07-18,101.5
761,2005-07-25,2005-07-25,101.6
762,2005-08-01,2005-08-01,103.5
763,2005-08-08,2005-08-08,104.3
764,2005-08-15,2005-08-15,104.5
765,2005-08-22,2005-08-22,104.6
766,2005-08-29,2005-08-29,104.6
767,2005-09-05,2005-09-05,105.8
768,2005-09-12,2005-09-12,106.2
769,2005-09-20,2005-09-19,106.3
770,2005-09-26,2005-09-26,106.4
771,2005-10-03,2005-10-03,106.7
772,2005-10-11,2005-10-10,106.9
773,2005-10-17,2005-10-17,106.9
774,2005-10-24,2005-10-24,106.9
775,2005-10-31,2005-10-31,106.9
776,2005-11-07,2005-11-07,106.7
777,2005-11-14,2005-11-14,106.5
778,2005-11-21,2005-11-21,106.4
779,2005-11-28,2005-11-28,106.3
780,2005-12-05,2005-12-05,106.0
781,2005-12-12,2005-12-12,105.8
782,2005-12-19,2005-12-19,105.7
783,2005-12-26,2005-12-26,105.7
784,2006-01-04,2006-01-02,105.7
785,2006-01-10,2006-01-09,105.7
786,2006-01-16,2006-01-16,105.7
787,2006-01-23,2006-01-23,105.8
788,2006-01-30,2006-01-30,105.8
789,2006-02-06,2006-02-06,106.2
790,2006-02-13,2006-02-13,106.6
791,2006-02-20,2006-02-20,106.8
792,2006-02-27,2006-02-27,106.8
793,2006-03-06,2006-03-06,107.2
794,2006-03-13,2006-03-13,107.5
795,2006-03-20,2006-03-20,107.7
796,2006-03-27,2006-03-27,107.7
797,2006-04-03,2006-04-03,107.8
798,2006-04-10,2006-04-10,107.8
799,2006-04-17,2006-04-17,107.9
800,2006-04-24,2006-04-24,108.0
801,2006-05-01,2006-05-01,111.6
802,2006-05-08,2006-05-08,112.5
803,2006-05-15,2006-05-15,112.7
804,2006-05-22,2006-05-22,112.8
805,2006-05-29,2006-05-29,112.8
806,2006-06-05,2006-06-05,112.9
807,2006-06-12,2006-06-12,112.9
808,2006-06-19,2006-06-19,112.9
809,2006-06-26,2006-06-26,112.9
810,2006-07-03,2006-07-03,113.1
811,2006-07-10,2006-07-10,113.3
812,2006-07-18,2006-07-17,113.5
813,2006-07-24,2006-07-24,113.7
814,2006-07-31,2006-07-31,114.1
815,2006-08-07,2006-08-07,120.0
816,2006-08-14,2006-08-14,120.1
817,2006-08-21,2006-08-21,120.2
818,2006-08-28,2006-08-28,120.2
819,2006-09-04,2006-09-04,120.5
820,2006-09-11,2006-09-11,120.5
821,2006-09-19,2006-09-18,120.5
822,2006-09-25,2006-09-25,120.4
823,2006-10-02,2006-10-02,119.4
824,2006-10-10,2006-10-09,118.7
825,2006-10-16,2006-10-16,118.2
826,2006-10-23,2006-10-23,117.8
827,2006-10-30,2006-10-30,117.2
828,2006-11-06,2006-11-06,115.6
829,2006-11-13,2006-11-13,115.1
830,2006-11-20,2006-11-20,114.7
831,2006-11-27,2006-11-27,114.3
832,2006-12-04,2006-12-04,114.1
833,2006-12-11,2006-12-11,113.8
834,2006-12-18,2006-12-18,113.7
835,2006-12-25,2006-12-25,113.5
836,2007-01-04,2007-01-01,113.3
837,2007-01-09,2007-01-08,113.2
838,2007-01-15,2007-01-15,112.9
839,2007-01-22,2007-01-22,112.6
840,2007-01-29,2007-01-29,112.2
841,2007-02-05,2007-02-05,110.8
842,2007-02-13,2007-02-12,110.1
843,2007-02-19,2007-02-19,109.9
844,2007-02-26,2007-02-26,109.7
845,2007-03-05,2007-03-05,109.6
846,2007-03-12,2007-03-12,109.8
847,2007-03-19,2007-03-19,109.8
848,2007-03-26,2007-03-26,109.8
849,2007-04-02,2007-04-02,109.6
850,2007-04-09,2007-04-09,110.0
851,2007-04-16,2007-04-16,110.5
852,2007-04-23,2007-04-23,110.8
853,2007-05-01,2007-04-30,113.8
854,2007-05-07,2007-05-07,115.0
855,2007-05-14,2007-05-14,115.9
856,2007-05-21,2007-05-21,116.1
857,2007-05-28,2007-05-28,116.2
858,2007-06-04,2007-06-04,117.4
859,2007-06-11,2007-06-11,117.9
860,2007-06-18,2007-06-18,118.0
861,2007-06-25,2007-06-25,118.0
862,2007-07-02,2007-07-02,118.6
863,2007-07-09,2007-07-09,119.4
864,2007-07-17,2007-07-16,119.8
865,2007-07-23,2007-07-23,119.9
866,2007-07-30,2007-07-30,120.0
867,2007-08-06,2007-08-06,123.0
868,2007-08-13,2007-08-13,123.3
869,2007-08-20,2007-08-20,123.3
870,2007-08-27,2007-08-27,123.3
871,2007-09-03,2007-09-03,122.6
872,2007-09-10,2007-09-10,122.1
873,2007-09-18,2007-09-17,121.8
874,2007-09-25,2007-09-24,121.7
875,2007-10-01,2007-10-01,122.2
876,2007-10-09,2007-10-08,122.8
877,2007-10-15,2007-10-15,123.0
878,2007-10-22,2007-10-22,123.0
879,2007-10-29,2007-10-29,123.1
880,2007-11-05,2007-11-05,127.8
881,2007-11-12,2007-11-12,128.0
882,2007-11-19,2007-11-19,128.0
883,2007-11-26,2007-11-26,128.1
884,2007-12-03,2007-12-03,132.8
885,2007-12-10,2007-12-10,133.6
886,2007-12-17,2007-12-17,133.5
887,2007-12-25,2007-12-24,133.3
888,2008-01-07,2008-01-07,133.0
889,2008-01-15,2008-01-14,132.6
890,2008-01-21,2008-01-21,132.4
891,2008-01-28,2008-01-28,132.1
892,2008-02-04,2008-02-04,131.9
893,2008-02-12,2008-02-11,131.8
894,2008-02-18,2008-02-18,131.6
895,2008-02-25,2008-02-25,131.4
896,2008-03-03,2008-03-03,131.5
897,2008-03-10,2008-03-10,132.1
898,2008-03-17,2008-03-17,132.2
899,2008-03-24,2008-03-24,132.3
900,2008-03-31,2008-03-31,132.3
901,2008-04-07,2008-04-07,118.3
902,2008-04-14,2008-04-14,118.1
903,2008-04-21,2008-04-21,118.1
904,2008-04-28,2008-04-28,118.1
905,2008-05-07,2008-05-05,139.0
906,2008-05-12,2008-05-12,139.4
907,2008-05-19,2008-05-19,139.6
908,2008-05-26,2008-05-26,139.8
909,2008-06-02,2008-06-02,152.3
910,2008-06-09,2008-06-09,153.1
911,2008-06-16,2008-06-16,153.1
912,2008-06-23,2008-06-23,153.0
913,2008-06-30,2008-06-30,153.0
914,2008-07-07,2008-07-07,163.1
915,2008-07-14,2008-07-14,163.1
916,2008-07-22,2008-07-21,163.0
917,2008-07-28,2008-07-28,162.9
918,2008-08-04,2008-08-04,167.4
919,2008-08-11,2008-08-11,167.2
920,2008-08-18,2008-08-18,166.5
921,2008-08-25,2008-08-25,165.5
922,2008-09-01,2008-09-01,160.5
923,2008-09-08,2008-09-08,159.1
924,2008-09-16,2008-09-15,158.0
925,2008-09-22,2008-09-22,156.9
926,2008-09-29,2008-09-29,155.8
927,2008-10-06,2008-10-06,150.0
928,2008-10-14,2008-10-13,147.5
929,2008-10-20,2008-10-20,144.0
930,2008-10-27,2008-10-27,139.5
931,2008-11-04,2008-11-03,131.2
932,2008-11-10,2008-11-10,127.8
933,2008-11-17,2008-11-17,124.0
934,2008-11-25,2008-11-24,120.7
935,2008-12-01,2008-12-01,117.0
936,2008-12-08,2008-12-08,113.2
937,2008-12-15,2008-12-15,109.3
938,2008-12-22,2008-12-22,106.0
939,2009-01-05,2009-01-05,102.7
940,2009-01-13,2009-01-12,101.9
941,2009-01-19,2009-01-19,102.0
942,2009-01-26,2009-01-26,102.2
943,2009-02-02,2009-02-02,102.0
944,2009-02-09,2009-02-09,101.7
945,2009-02-16,2009-02-16,101.3
946,2009-02-23,2009-02-23,100.9
947,2009-03-02,2009-03-02,100.3
948,2009-03-09,2009-03-09,99.9
949,2009-03-16,2009-03-16,99.6
950,2009-03-23,2009-03-23,99.4
951,2009-03-30,2009-03-30,99.2
952,2009-04-06,2009-04-06,99.4
953,2009-04-13,2009-04-13,99.5
954,2009-04-20,2009-04-20,99.9
955,2009-04-27,2009-04-27,100.2
956,2009-05-07,2009-05-04,100.3
957,2009-05-11,2009-05-11,100.4
958,2009-05-18,2009-05-18,100.6
959,2009-05-25,2009-05-25,101.0
960,2009-06-01,2009-06-01,101.2
961,2009-06-08,2009-06-08,101.3
962,2009-06-15,2009-06-15,101.5
963,2009-06-22,2009-06-22,101.8
964,2009-06-29,2009-06-29,102.3
965,2009-07-06,2009-07-06,103.3
966,2009-07-13,2009-07-13,103.9
967,2009-07-21,2009-07-20,104.0
968,2009-07-27,2009-07-27,103.9
969,2009-08-03,2009-08-03,104.0
970,2009-08-10,2009-08-10,104.0
971,2009-08-17,2009-08-17,104.0
972,2009-08-24,2009-08-24,104.4
973,2009-08-31,2009-08-31,104.8
974,2009-09-07,2009-09-07,106.4
975,2009-09-14,2009-09-14,106.7
976,2009-09-24,2009-09-21,106.8
977,2009-09-28,2009-09-28,106.8
978,2009-10-05,2009-10-05,106.7
979,2009-10-13,2009-10-12,106.4
980,2009-10-19,2009-10-19,106.1
981,2009-10-26,2009-10-26,105.9
982,2009-11-02,2009-11-02,105.7
983,2009-11-09,2009-11-09,105.8
984,2009-11-16,2009-11-16,105.7
985,2009-11-24,2009-11-23,105.8
986,2009-11-30,2009-11-30,105.8
987,2009-12-07,2009-12-07,105.9
988,2009-12-14,2009-12-14,105.9
989,2009-12-21,2009-12-21,105.9
990,2010-01-05,2010-01-04,105.9
991,2010-01-12,2010-01-11,106.0
992,2010-01-18,2010-01-18,107.1
993,2010-01-25,2010-01-25,108.3
994,2010-02-01,2010-02-01,108.7
995,2010-02-08,2010-02-08,108.7
996,2010-02-15,2010-02-15,108.6
997,2010-02-22,2010-02-22,108.6
998,2010-03-01,2010-03-01,108.6
999,2010-03-08,2010-03-08,108.9
1000,2010-03-15,2010-03-15,109.8
1001,2010-03-23,2010-03-22,110.3
1002,2010-03-29,2010-03-29,110.5
1003,2010-04-05,2010-04-05,111.0
1004,2010-04-12,2010-04-12,112.1
1005,2010-04-19,2010-04-19,113.8
1006,2010-04-26,2010-04-26,115.9
1007,2010-05-06,2010-05-03,116.9
1008,2010-05-10,2010-05-10,117.2
1009,2010-05-17,2010-05-17,117.6
1010,2010-05-24,2010-05-24,117.7
1011,2010-05-31,2010-05-31,117.5
1012,2010-06-07,2010-06-07,116.8
1013,2010-06-14,2010-06-14,116.2
1014,2010-06-21,2010-06-21,115.8
1015,2010-06-28,2010-06-28,115.6
1016,2010-07-05,2010-07-05,115.5
1017,2010-07-12,2010-07-12,115.1
1018,2010-07-20,2010-07-19,114.7
1019,2010-07-26,2010-07-26,114.4
1020,2010-08-02,2010-08-02,114.1
1021,2010-08-09,2010-08-09,114.0
1022,2010-08-16,2010-08-16,113.9
1023,2010-08-23,2010-08-23,113.8
1024,2010-08-30,2010-08-30,113.7
1025,2010-09-06,2010-09-06,113.5
1026,2010-09-13,2010-09-13,113.2
1027,2010-09-21,2010-09-20,112.9
1028,2010-09-27,2010-09-27,112.6
1029,2010-10-04,2010-10-04,112.5
1030,2010-10-12,2010-10-11,112.4
1031,2010-10-18,2010-10-18,112.5
1032,2010-10-25,2010-10-25,112.6
1033,2010-11-01,2010-11-01,112.6
1034,2010-11-08,2010-11-08,112.6
1035,2010-11-15,2010-11-15,112.6
1036,2010-11-22,2010-11-22,112.7
1037,2010-11-29,2010-11-29,112.9
1038,2010-12-06,2010-12-06,113.3
1039,2010-12-13,2010-12-13,113.5
1040,2010-12-20,2010-12-20,114.1
1041,2011-01-05,2011-01-03,115.5
1042,2011-01-11,2011-01-10,116.4
1043,2011-01-17,2011-01-17,117.7
1044,2011-01-24,2011-01-24,118.3
1045,2011-01-31,2011-01-31,118.4
1046,2011-02-07,2011-02-07,118.6
1047,2011-02-14,2011-02-14,118.7
1048,2011-02-21,2011-02-21,118.8
1049,2011-02-28,2011-02-28,119.8
1050,2011-03-07,2011-03-07,125.8
1051,2011-03-14,2011-03-14,128.4
1052,2011-03-22,2011-03-21,130.8
1053,2011-03-28,2011-03-28,131.2
1054,2011-04-04,2011-04-04,131.3
1055,2011-04-11,2011-04-11,131.4
1056,2011-04-18,2011-04-18,131.9
1057,2011-04-25,2011-04-25,132.6
1058,2011-05-02,2011-05-02,132.7
1059,2011-05-09,2011-05-09,132.5
1060,2011-05-16,2011-05-16,131.7
1061,2011-05-23,2011-05-23,130.3
1062,2011-05-30,2011-05-30,129.5
1063,2011-06-06,2011-06-06,128.8
1064,2011-06-13,2011-06-13,128.7
1065,2011-06-20,2011-06-20,128.8
1066,2011-06-27,2011-06-27,129.3
1067,2011-07-04,2011-07-04,129.1
1068,2011-07-11,2011-07-11,129.1
1069,2011-07-19,2011-07-18,129.3
1070,2011-07-25,2011-07-25,130.1
1071,2011-08-01,2011-08-01,130.1
1072,2011-08-08,2011-08-08,130.1
1073,2011-08-15,2011-08-15,129.5
1074,2011-08-22,2011-08-22,128.5
1075,2011-08-29,2011-08-29,127.8
1076,2011-09-05,2011-09-05,126.9
1077,2011-09-12,2011-09-12,126.3
1078,2011-09-20,2011-09-19,125.7
1079,2011-09-26,2011-09-26,125.1
1080,2011-10-03,2011-10-03,124.2
1081,2011-10-11,2011-10-10,123.3
1082,2011-10-17,2011-10-17,122.9
1083,2011-10-24,2011-10-24,122.9
1084,2011-10-31,2011-10-31,122.8
1085,2011-11-07,2011-11-07,122.9
1086,2011-11-14,2011-11-14,123.2
1087,2011-11-21,2011-11-21,124.1
1088,2011-11-28,2011-11-28,124.3
1089,2011-12-05,2011-12-05,124.3
1090,2011-12-12,2011-12-12,124.3
1091,2011-12-19,2011-12-19,124.4
1092,2011-12-26,2011-12-26,124.3
1093,2012-01-05,2012-01-02,124.2
1094,2012-01-10,2012-01-09,124.2
1095,2012-01-16,2012-01-16,124.2
1096,2012-01-23,2012-01-23,124.3
1097,2012-01-30,2012-01-30,124.3
1098,2012-02-06,2012-02-06,124.2
1099,2012-02-13,2012-02-13,124.1
1100,2012-02-20,2012-02-20,124.7
1101,2012-02-27,2012-02-27,126.4
1102,2012-03-05,2012-03-05,129.8
1103,2012-03-12,2012-03-12,132.5
1104,2012-03-19,2012-03-19,135.0
1105,2012-03-26,2012-03-26,136.6
1106,2012-04-02,2012-04-02,137.1
1107,2012-04-09,2012-04-09,136.9
1108,2012-04-16,2012-04-16,136.2
1109,2012-04-23,2012-04-23,135.0
1110,2012-05-01,2012-04-30,133.7
1111,2012-05-07,2012-05-07,133.3
1112,2012-05-14,2012-05-14,131.9
1113,2012-05-21,2012-05-21,129.9
1114,2012-05-28,2012-05-28,128.3
1115,2012-06-04,2012-06-04,127.1
1116,2012-06-11,2012-06-11,125.4
1117,2012-06-18,2012-06-18,124.1
1118,2012-06-25,2012-06-25,123.1
1119,2012-07-02,2012-07-02,121.7
1120,2012-07-09,2012-07-09,121.2
1121,2012-07-17,2012-07-16,121.3
1122,2012-07-23,2012-07-23,121.1
1123,2012-07-30,2012-07-30,121.1
1124,2012-08-06,2012-08-06,121.1
1125,2012-08-13,2012-08-13,122.2
1126,2012-08-20,2012-08-20,124.5
1127,2012-08-27,2012-08-27,126.7
1128,2012-09-03,2012-09-03,127.4
1129,2012-09-10,2012-09-10,127.8
1130,2012-09-18,2012-09-17,128.1
1131,2012-09-24,2012-09-24,128.5
1132,2012-10-01,2012-10-01,128.3
1133,2012-10-09,2012-10-08,127.9
1134,2012-10-15,2012-10-15,127.5
1135,2012-10-22,2012-10-22,127.2
1136,2012-10-29,2012-10-29,127.0
1137,2012-11-05,2012-11-05,126.4
1138,2012-11-12,2012-11-12,126.0
1139,2012-11-19,2012-11-19,125.6
1140,2012-11-26,2012-11-26,125.6
1141,2012-12-03,2012-12-03,126.6
1142,2012-12-10,2012-12-10,127.0
1143,2012-12-17,2012-12-17,127.2
1144,2012-12-25,2012-12-24,127.8
1145,2013-01-07,2013-01-07,128.5
1146,2013-01-15,2013-01-14,129.7
1147,2013-01-21,2013-01-21,130.7
1148,2013-01-28,2013-01-28,130.8
1149,2013-02-04,2013-02-04,131.3
1150,2013-02-12,2013-02-11,133.2
1151,2013-02-18,2013-02-18,134.5
1152,2013-02-25,2013-02-25,135.4
1153,2013-03-04,2013-03-04,135.5
1154,2013-03-11,2013-03-11,135.2
1155,2013-03-18,2013-03-18,135.0
1156,2013-03-25,2013-03-25,134.9
1157,2013-04-01,2013-04-01,134.8
1158,2013-04-08,2013-04-08,134.6
1159,2013-04-15,2013-04-15,134.4
1160,2013-04-22,2013-04-22,133.8
1161,2013-04-30,2013-04-29,133.1
1162,2013-05-07,2013-05-06,132.6
1163,2013-05-13,2013-05-13,132.3
1164,2013-05-20,2013-05-20,132.1
1165,2013-05-27,2013-05-27,131.9
1166,2013-06-03,2013-06-03,131.8
1167,2013-06-10,2013-06-10,131.8
1168,2013-06-17,2013-06-17,132.0
1169,2013-06-24,2013-06-24,132.0
1170,2013-07-01,2013-07-01,131.9
1171,2013-07-08,2013-07-08,132.6
1172,2013-07-16,2013-07-15,134.5
1173,2013-07-22,2013-07-22,135.8
1174,2013-07-29,2013-07-29,137.1
1175,2013-08-05,2013-08-05,137.9
1176,2013-08-12,2013-08-12,138.0
1177,2013-08-19,2013-08-19,138.0
1178,2013-08-26,2013-08-26,137.9
1179,2013-09-02,2013-09-02,138.4
1180,2013-09-09,2013-09-09,139.0
1181,2013-09-17,2013-09-16,138.8
1182,2013-09-24,2013-09-23,138.5
1183,2013-09-30,2013-09-30,138.0
1184,2013-10-07,2013-10-07,137.4
1185,2013-10-15,2013-10-14,138.1
1186,2013-10-21,2013-10-21,138.6
1187,2013-10-28,2013-10-28,138.6
1188,2013-11-05,2013-11-04,138.3
1189,2013-11-11,2013-11-11,138.0
1190,2013-11-18,2013-11-18,137.7
1191,2013-11-25,2013-11-25,137.2
1192,2013-12-02,2013-12-02,137.5
1193,2013-12-09,2013-12-09,138.2
1194,2013-12-16,2013-12-16,138.4
1195,2013-12-24,2013-12-23,138.8
1196,2014-01-06,2014-01-06,139.0
1197,2014-01-14,2014-01-13,139.1
1198,2014-01-20,2014-01-20,139.3
1199,2014-01-27,2014-01-27,139.2
1200,2014-02-03,2014-02-03,139.2
1201,2014-02-10,2014-02-10,139.0
1202,2014-02-17,2014-02-17,138.8
1203,2014-02-24,2014-02-24,138.6
1204,2014-03-03,2014-03-03,138.5
1205,2014-03-10,2014-03-10,138.7
1206,2014-03-17,2014-03-17,138.9
1207,2014-03-24,2014-03-24,139.1
1208,2014-04-01,2014-03-31,142.6
1209,2014-04-07,2014-04-07,142.5
1210,2014-04-14,2014-04-14,142.5
1211,2014-04-21,2014-04-21,142.6
1212,2014-04-28,2014-04-28,143.2
1213,2014-05-07,2014-05-05,143.5
1214,2014-05-12,2014-05-12,143.8
1215,2014-05-19,2014-05-19,144.0
1216,2014-05-26,2014-05-26,144.1
1217,2014-06-02,2014-06-02,144.3
1218,2014-06-09,2014-06-09,144.8
1219,2014-06-16,2014-06-16,145.1
1220,2014-06-23,2014-06-23,145.4
1221,2014-06-30,2014-06-30,146.3
1222,2014-07-07,2014-07-07,147.4
1223,2014-07-14,2014-07-14,147.6
1224,2014-07-22,2014-07-21,147.5
1225,2014-07-28,2014-07-28,147.4
1226,2014-08-04,2014-08-04,147.2
1227,2014-08-11,2014-08-11,147.1
1228,2014-08-18,2014-08-18,146.9
1229,2014-08-25,2014-08-25,146.4
1230,2014-09-01,2014-09-01,145.9
1231,2014-09-08,2014-09-08,145.5
1232,2014-09-16,2014-09-15,145.3
1233,2014-09-22,2014-09-22,145.0
1234,2014-09-29,2014-09-29,144.6
1235,2014-10-06,2014-10-06,144.4
1236,2014-10-14,2014-10-13,143.8
1237,2014-10-20,2014-10-20,142.5
1238,2014-10-27,2014-10-27,140.7
1239,2014-11-04,2014-11-03,139.3
1240,2014-11-10,2014-11-10,138.7
1241,2014-11-17,2014-11-17,138.4
1242,2014-11-25,2014-11-24,137.6
1243,2014-12-01,2014-12-01,136.8
1244,2014-12-08,2014-12-08,134.9
1245,2014-12-15,2014-12-15,132.2
1246,2014-12-22,2014-12-22,129.3
1247,2015-01-05,2015-01-05,125.7
1248,2015-01-13,2015-01-12,123.3
1249,2015-01-19,2015-01-19,120.3
1250,2015-01-26,2015-01-26,117.1
1251,2015-02-02,2015-02-02,115.2
1252,2015-02-09,2015-02-09,114.4
1253,2015-02-16,2015-02-16,115.9
1254,2015-02-23,2015-02-23,117.9
1255,2015-03-02,2015-03-02,119.0
1256,2015-03-09,2015-03-09,119.5
1257,2015-03-16,2015-03-16,119.8
1258,2015-03-23,2015-03-23,119.9
1259,2015-03-30,2015-03-30,119.5
1260,2015-04-06,2015-04-06,119.0
1261,2015-04-13,2015-04-13,118.7
1262,2015-04-20,2015-04-20,118.5
1263,2015-04-27,2015-04-27,119.3
1264,2015-05-07,2015-05-04,119.9
1265,2015-05-11,2015-05-11,120.1
1266,2015-05-18,2015-05-18,121.0
1267,2015-05-25,2015-05-25,121.5
1268,2015-06-01,2015-06-01,121.6
1269,2015-06-08,2015-06-08,122.0
1270,2015-06-15,2015-06-15,122.9
1271,2015-06-22,2015-06-22,123.2
1272,2015-06-29,2015-06-29,123.4
1273,2015-07-06,2015-07-06,123.4
1274,2015-07-13,2015-07-13,123.0
1275,2015-07-21,2015-07-20,122.0
1276,2015-07-27,2015-07-27,121.2
1277,2015-08-03,2015-08-03,120.1
1278,2015-08-10,2015-08-10,118.9
1279,2015-08-17,2015-08-17,117.3
1280,2015-08-24,2015-08-24,115.8
1281,2015-08-31,2015-08-31,114.8
1282,2015-09-07,2015-09-07,114.0
1283,2015-09-14,2015-09-14,113.9
1284,2015-09-24,2015-09-21,113.6
1285,2015-09-28,2015-09-28,113.3
1286,2015-10-05,2015-10-05,112.8
1287,2015-10-13,2015-10-12,112.2
1288,2015-10-19,2015-10-19,112.2
1289,2015-10-26,2015-10-26,112.0
1290,2015-11-02,2015-11-02,111.3
1291,2015-11-09,2015-11-09,110.9
1292,2015-11-16,2015-11-16,110.7
1293,2015-11-24,2015-11-23,110.1
1294,2015-11-30,2015-11-30,109.6
1295,2015-12-07,2015-12-07,109.0
1296,2015-12-14,2015-12-14,108.1
1297,2015-12-21,2015-12-21,106.3
1298,2016-01-04,2016-01-04,104.3
1299,2016-01-12,2016-01-11,103.2
1300,2016-01-18,2016-01-18,101.7
1301,2016-01-25,2016-01-25,100.2
1302,2016-02-01,2016-02-01,98.7
1303,2016-02-08,2016-02-08,98.5
1304,2016-02-15,2016-02-15,98.6
1305,2016-02-22,2016-02-22,98.2
1306,2016-02-29,2016-02-29,97.7
1307,2016-03-07,2016-03-07,97.1
1308,2016-03-14,2016-03-14,97.1
1309,2016-03-22,2016-03-21,97.3
1310,2016-03-28,2016-03-28,97.5
1311,2016-04-04,2016-04-04,98.3
1312,2016-04-11,2016-04-11,99.2
1313,2016-04-18,2016-04-18,99.4
1314,2016-04-25,2016-04-25,99.5
1315,2016-05-02,2016-05-02,99.9
1316,2016-05-09,2016-05-09,99.9
1317,2016-05-16,2016-05-16,100.4
1318,2016-05-23,2016-05-23,100.5
1319,2016-05-30,2016-05-30,100.8
1320,2016-06-06,2016-06-06,102.8
1321,2016-06-13,2016-06-13,103.5
1322,2016-06-20,2016-06-20,103.7
1323,2016-06-27,2016-06-27,103.6
1324,2016-07-04,2016-07-04,103.5
1325,2016-07-11,2016-07-11,103.3
1326,2016-07-19,2016-07-18,102.7
1327,2016-07-25,2016-07-25,102.4
1328,2016-08-01,2016-08-01,102.4
1329,2016-08-08,2016-08-08,102.2
1330,2016-08-15,2016-08-15,102.0
1331,2016-08-22,2016-08-22,102.0
1332,2016-08-29,2016-08-29,102.2
1333,2016-09-05,2016-09-05,102.5
1334,2016-09-12,2016-09-12,102.5
1335,2016-09-20,2016-09-19,102.5
1336,2016-09-26,2016-09-26,102.4
1337,2016-10-03,2016-10-03,102.2
1338,2016-10-11,2016-10-10,102.3
1339,2016-10-17,2016-10-17,103.7
1340,2016-10-24,2016-10-24,104.7
1341,2016-10-31,2016-10-31,105.0
1342,2016-11-07,2016-11-07,105.1
1343,2016-11-14,2016-11-14,105.1
1344,2016-11-21,2016-11-21,104.9
1345,2016-11-28,2016-11-28,104.8
1346,2016-12-05,2016-12-05,105.2
1347,2016-12-12,2016-12-12,107.0
1348,2016-12-19,2016-12-19,108.5
1349,2016-12-26,2016-12-26,109.5
1350,2017-01-10,2017-01-09,109.8
1351,2017-01-16,2017-01-16,110.2
1352,2017-01-23,2017-01-23,110.5
1353,2017-01-30,2017-01-30,110.4
1354,2017-02-06,2017-02-06,110.3
1355,2017-02-13,2017-02-13,110.2
1356,2017-02-20,2017-02-20,110.1
1357,2017-02-27,2017-02-27,110.2
1358,2017-03-06,2017-03-06,111.0
1359,2017-03-13,2017-03-13,112.0
1360,2017-03-21,2017-03-20,112.2
1361,2017-03-27,2017-03-27,112.3
1362,2017-04-03,2017-04-03,112.3
1363,2017-04-10,2017-04-10,112.2
1364,2017-04-17,2017-04-17,112.3
1365,2017-04-24,2017-04-24,112.2
1366,2017-05-01,2017-05-01,112.0
1367,2017-05-08,2017-05-08,111.7
1368,2017-05-15,2017-05-15,111.5
1369,2017-05-22,2017-05-22,111.2
1370,2017-05-29,2017-05-29,110.8
1371,2017-06-05,2017-06-05,110.8
1372,2017-06-12,2017-06-12,110.6
1373,2017-06-19,2017-06-19,110.2
1374,2017-06-26,2017-06-26,109.9
1375,2017-07-03,2017-07-03,109.7
1376,2017-07-10,2017-07-10,109.7
1377,2017-07-18,2017-07-17,110.0
1378,2017-07-24,2017-07-24,110.0
1379,2017-07-31,2017-07-31,110.0
1380,2017-08-07,2017-08-07,110.2
1381,2017-08-14,2017-08-14,110.2
1382,2017-08-21,2017-08-21,110.2
1383,2017-08-28,2017-08-28,110.3
1384,2017-09-04,2017-09-04,110.3
1385,2017-09-11,2017-09-11,110.3
1386,2017-09-19,2017-09-18,110.4
1387,2017-09-25,2017-09-25,111.1
1388,2017-10-02,2017-10-02,112.1
1389,2017-10-10,2017-10-09,113.2
1390,2017-10-16,2017-10-16,113.7
1391,2017-10-23,2017-10-23,113.8
1392,2017-10-30,2017-10-30,114.0
1393,2017-11-06,2017-11-06,114.7
1394,2017-11-13,2017-11-13,116.3
1395,2017-11-20,2017-11-20,118.1
1396,2017-11-27,2017-11-27,119.0
1397,2017-12-04,2017-12-04,119.3
1398,2017-12-11,2017-12-11,119.4
1399,2017-12-18,2017-12-18,119.5
1400,2017-12-25,2017-12-25,119.6
1401,2018-01-09,2018-01-08,119.8
1402,2018-01-15,2018-01-15,121.2
1403,2018-01-22,2018-01-22,122.6
1404,2018-01-29,2018-01-29,122.9
1405,2018-02-05,2018-02-05,123.0
1406,2018-02-13,2018-02-12,122.9
1407,2018-02-19,2018-02-19,122.9
1408,2018-02-26,2018-02-26,122.7
1409,2018-03-05,2018-03-05,122.5
1410,2018-03-12,2018-03-12,122.3
1411,2018-03-19,2018-03-19,122.2
1412,2018-03-26,2018-03-26,121.9
1413,2018-04-02,2018-04-02,121.8
1414,2018-04-09,2018-04-09,122.0
1415,2018-04-16,2018-04-16,122.0
1416,2018-04-23,2018-04-23,122.7
1417,2018-05-01,2018-04-30,124.1
1418,2018-05-07,2018-05-07,124.5
1419,2018-05-14,2018-05-14,125.7
1420,2018-05-21,2018-05-21,127.6
1421,2018-05-28,2018-05-28,129.4
1422,2018-06-04,2018-06-04,130.4
1423,2018-06-11,2018-06-11,130.4
1424,2018-06-18,2018-06-18,130.4
1425,2018-06-25,2018-06-25,130.3
1426,2018-07-02,2018-07-02,130.3
1427,2018-07-09,2018-07-09,130.6
1428,2018-07-17,2018-07-16,130.8
1429,2018-07-23,2018-07-23,130.8
1430,2018-07-30,2018-07-30,130.7
1431,2018-08-06,2018-08-06,130.8
1432,2018-08-13,2018-08-13,130.8
1433,2018-08-20,2018-08-20,130.7
1434,2018-08-27,2018-08-27,130.5
1435,2018-09-03,2018-09-03,130.8
1436,2018-09-10,2018-09-10,131.7
1437,2018-09-18,2018-09-17,132.3
1438,2018-09-25,2018-09-24,132.8
1439,2018-10-01,2018-10-01,133.8
1440,2018-10-09,2018-10-08,135.9
1441,2018-10-15,2018-10-15,138.0
1442,2018-10-22,2018-10-22,138.4
1443,2018-10-29,2018-10-29,138.1
1444,2018-11-05,2018-11-05,137.4
1445,2018-11-12,2018-11-12,136.4
1446,2018-11-19,2018-11-19,135.2
1447,2018-11-26,2018-11-26,133.5
1448,2018-12-03,2018-12-03,131.2
1449,2018-12-10,2018-12-10,129.5
1450,2018-12-17,2018-12-17,128.3
1451,2018-12-25,2018-12-24,127.2
1452,2019-01-07,2019-01-07,124.8
1453,2019-01-15,2019-01-14,123.8
1454,2019-01-21,2019-01-21,123.6
1455,2019-01-28,2019-01-28,124.0
1456,2019-02-04,2019-02-04,124.2
1457,2019-02-12,2019-02-11,124.1
1458,2019-02-18,2019-02-18,124.2
1459,2019-02-25,2019-02-25,125.1
1460,2019-03-04,2019-03-04,125.8
1461,2019-03-11,2019-03-11,126.0
1462,2019-03-18,2019-03-18,126.2
1463,2019-03-25,2019-03-25,126.5
1464,2019-04-01,2019-04-01,126.9
1465,2019-04-08,2019-04-08,127.0
1466,2019-04-15,2019-04-15,127.9
1467,2019-04-22,2019-04-22,129.0
1468,2019-05-07,2019-05-06,130.7
1469,2019-05-13,2019-05-13,130.9
1470,2019-05-20,2019-05-20,130.7
1471,2019-05-27,2019-05-27,130.6
1472,2019-06-03,2019-06-03,130.4
1473,2019-06-10,2019-06-10,129.5
1474,2019-06-17,2019-06-17,127.9
1475,2019-06-24,2019-06-24,126.9
1476,2019-07-01,2019-07-01,126.7
1477,2019-07-08,2019-07-08,126.8
1478,2019-07-16,2019-07-15,126.6
1479,2019-07-22,2019-07-22,126.8
1480,2019-07-29,2019-07-29,126.8
1481,2019-08-05,2019-08-05,126.6
1482,2019-08-13,2019-08-12,126.2
1483,2019-08-19,2019-08-19,125.6
1484,2019-08-26,2019-08-26,124.8
1485,2019-09-02,2019-09-02,124.6
1486,2019-09-09,2019-09-09,124.4
1487,2019-09-17,2019-09-16,124.3
1488,2019-09-24,2019-09-23,125.0
1489,2019-09-30,2019-09-30,126.5
1490,2019-10-07,2019-10-07,128.5
1491,2019-10-15,2019-10-14,127.8
1492,2019-10-21,2019-10-21,127.3
1493,2019-10-28,2019-10-28,127.1
1494,2019-11-05,2019-11-04,127.3
1495,2019-11-11,2019-11-11,127.4
1496,2019-11-18,2019-11-18,127.5
1497,2019-11-25,2019-11-25,127.7
1498,2019-12-02,2019-12-02,127.8
1499,2019-12-09,2019-12-09,128.1
1500,2019-12-16,2019-12-16,128.3
1501,2019-12-23,2019-12-23,129.2
1502,2020-01-06,2020-01-06,130.3
1503,2020-01-14,2020-01-13,131.3
1504,2020-01-20,2020-01-20,131.7
1505,2020-01-27,2020-01-27,131.7
1506,2020-02-03,2020-02-03,131.4
1507,2020-02-10,2020-02-10,130.4
1508,2020-02-17,2020-02-17,128.9
1509,2020-02-25,2020-02-24,128.2
1510,2020-03-02,2020-03-02,128.0
1511,2020-03-09,2020-03-09,126.9
1512,2020-03-16,2020-03-16,124.2
1513,2020-03-23,2020-03-23,120.6
1514,2020-03-30,2020-03-30,117.5
1515,2020-04-06,2020-04-06,114.9
1516,2020-04-13,2020-04-13,113.3
1517,2020-04-20,2020-04-20,112.2
1518,2020-04-27,2020-04-27,110.3
1519,2020-05-11,2020-05-11,106.2
1520,2020-05-18,2020-05-18,106.8
1521,2020-05-25,2020-05-25,108.0
1522,2020-06-01,2020-06-01,109.3
1523,2020-06-08,2020-06-08,109.6
1524,2020-06-15,2020-06-15,110.9
1525,2020-06-22,2020-06-22,111.6
1526,2020-06-29,2020-06-29,111.8
1527,2020-07-06,2020-07-06,112.0
1528,2020-07-13,2020-07-13,112.4
1529,2020-07-20,2020-07-20,112.9
1530,2020-07-27,2020-07-27,112.9
1531,2020-08-03,2020-08-03,115.0
1532,2020-08-11,2020-08-10,116.0
1533,2020-08-17,2020-08-17,115.9
1534,2020-08-24,2020-08-24,115.8
1535,2020-08-31,2020-08-31,115.7
1536,2020-09-07,2020-09-07,116.0
1537,2020-09-14,2020-09-14,116.3
1538,2020-09-23,2020-09-21,115.5
1539,2020-09-28,2020-09-28,115.3
1540,2020-10-05,2020-10-05,115.2
1541,2020-10-12,2020-10-12,114.8
1542,2020-10-19,2020-10-19,114.8
1543,2020-10-26,2020-10-26,114.6
1544,2020-11-02,2020-11-02,114.2
1545,2020-11-09,2020-11-09,113.7
1546,2020-11-16,2020-11-16,113.3
1547,2020-11-24,2020-11-23,113.9
1548,2020-11-30,2020-11-30,114.2
1549,2020-12-07,2020-12-07,114.9
1550,2020-12-14,2020-12-14,115.4
1551,2020-12-21,2020-12-21,116.0
1552,2021-01-04,2021-01-04,116.6
1553,2021-01-12,2021-01-11,117.0
1554,2021-01-18,2021-01-18,118.1
1555,2021-01-25,2021-01-25,119.4
1556,2021-02-01,2021-02-01,119.7
1557,2021-02-08,2021-02-08,120.1
1558,2021-02-15,2021-02-15,121.8
1559,2021-02-22,2021-02-22,123.4
1560,2021-03-01,2021-03-01,124.9
1561,2021-03-08,2021-03-08,126.2
1562,2021-03-15,2021-03-15,127.5
1563,2021-03-22,2021-03-22,129.8
1564,2021-03-29,2021-03-29,130.4
1565,2021-04-05,2021-04-05,130.5
1566,2021-04-12,2021-04-12,130.5
1567,2021-04-19,2021-04-19,130.5
1568,2021-04-26,2021-04-26,130.7
1569,2021-05-10,2021-05-10,130.8
1570,2021-05-17,2021-05-17,132.0
1571,2021-05-24,2021-05-24,132.7
1572,2021-05-31,2021-05-31,132.6
1573,2021-06-07,2021-06-07,133.1
1574,2021-06-14,2021-06-14,134.6
1575,2021-06-21,2021-06-21,135.6
1576,2021-06-28,2021-06-28,136.3
1577,2021-07-05,2021-07-05,137.4
1578,2021-07-12,2021-07-12,137.9
1579,2021-07-19,2021-07-19,138.2
1580,2021-07-26,2021-07-26,138.3
1581,2021-08-02,2021-08-02,138.2
1582,2021-08-10,2021-08-09,138.4
1583,2021-08-16,2021-08-16,138.5
1584,2021-08-23,2021-08-23,138.2
1585,2021-08-30,2021-08-30,137.8
1586,2021-09-06,2021-09-06,138.1
1587,2021-09-13,2021-09-13,138.3
1588,2021-09-21,2021-09-20,138.4
1589,2021-09-27,2021-09-27,138.7
1590,2021-10-04,2021-10-04,139.9
1591,2021-10-11,2021-10-11,141.9
1592,2021-10-18,2021-10-18,144.4
1593,2021-10-25,2021-10-25,147.1
1594,2021-11-01,2021-11-01,148.5
1595,2021-11-08,2021-11-08,148.8
1596,2021-11-15,2021-11-15,148.6
1597,2021-11-22,2021-11-22,148.5
1598,2021-11-29,2021-11-29,148.4
1599,2021-12-06,2021-12-06,147.8
1600,2021-12-13,2021-12-13,145.9
1601,2021-12-20,2021-12-20,145.1
1602,2022-01-04,2022-01-03,144.6
1603,2022-01-11,2022-01-10,146.4
1604,2022-01-17,2022-01-17,148.2
1605,2022-01-24,2022-01-24,150.0
1606,2022-01-31,2022-01-31,150.6
1607,2022-02-07,2022-02-07,151.0
1608,2022-02-14,2022-02-14,151.2
1609,2022-02-21,2022-02-21,151.7
1610,2022-02-28,2022-02-28,152.5
1611,2022-03-07,2022-03-07,154.2
1612,2022-03-14,2022-03-14,154.9
1613,2022-03-22,2022-03-21,154.3
1614,2022-03-28,2022-03-28,153.7
1615,2022-04-04,2022-04-04,153.8
1616,2022-04-11,2022-04-11,153.7
1617,2022-04-18,2022-04-18,153.2
1618,2022-04-25,2022-04-25,152.6
1619,2022-05-09,2022-05-09,151.0
1620,2022-05-16,2022-05-16,150.4
1621,2022-05-23,2022-05-23,148.8
1622,2022-05-30,2022-05-30,148.2
1623,2022-06-06,2022-06-06,149.8
1624,2022-06-13,2022-06-13,151.1
1625,2022-06-20,2022-06-20,153.7
1626,2022-06-27,2022-06-27,154.7
1627,2022-07-04,2022-07-04,153.5
1628,2022-07-11,2022-07-11,152.6
1629,2022-07-19,2022-07-18,151.5
1630,2022-07-25,2022-07-25,150.4
1631,2022-08-01,2022-08-01,149.9
1632,2022-08-08,2022-08-08,150.2
1633,2022-08-15,2022-08-15,149.9
1634,2022-08-22,2022-08-22,149.0
1635,2022-08-29,2022-08-29,148.5
1636,2022-09-05,2022-09-05,149.6
1637,2022-09-12,2022-09-12,150.0
1638,2022-09-20,2022-09-19,149.6
1639,2022-09-26,2022-09-26,149.5
1640,2022-10-03,2022-10-03,149.0
1641,2022-10-11,2022-10-10,148.7
1642,2022-10-17,2022-10-17,149.1
1643,2022-10-24,2022-10-24,149.2
1644,2022-10-31,2022-10-31,149.1
1645,2022-11-07,2022-11-07,148.2
1646,2022-11-14,2022-11-14,148.0
1647,2022-11-21,2022-11-21,147.8
1648,2022-11-28,2022-11-28,147.8
1649,2022-12-05,2022-12-05,148.2
1650,2022-12-12,2022-12-12,148.3
1651,2022-12-19,2022-12-19,148.2
1652,2022-12-26,2022-12-26,148.0
1653,2023-01-10,2023-01-09,148.3
1654,2023-01-16,2023-01-16,148.2
1655,2023-01-23,2023-01-23,148.2
1656,2023-01-30,2023-01-30,148.3
1657,2023-02-06,2023-02-06,147.7
1658,2023-02-13,2023-02-13,147.5
1659,2023-02-20,2023-02-20,147.6
1660,2023-02-27,2023-02-27,147.5
1661,2023-03-06,2023-03-06,147.6
1662,2023-03-13,2023-03-13,147.6
1663,2023-03-20,2023-03-20,147.7
1664,2023-03-27,2023-03-27,148.1
1665,2023-04-03,2023-04-03,148.3
1666,2023-04-10,2023-04-10,148.4
1667,2023-04-17,2023-04-17,148.3
1668,2023-04-24,2023-04-24,148.2
1669,2023-05-08,2023-05-08,148.0
1670,2023-05-15,2023-05-15,147.9
1671,2023-05-22,2023-05-22,148.1
1672,2023-05-29,2023-05-29,148.4
1673,2023-06-05,2023-06-05,148.6
1674,2023-06-12,2023-06-12,149.2
1675,2023-06-19,2023-06-19,150.0
1676,2023-06-26,2023-06-26,150.8
1677,2023-07-03,2023-07-03,152.2
1678,2023-07-10,2023-07-10,153.0
1679,2023-07-18,2023-07-17,153.6
1680,2023-07-24,2023-07-24,154.4
1681,2023-07-31,2023-07-31,156.3
1682,2023-08-07,2023-08-07,159.8
1683,2023-08-14,2023-08-14,161.4
1684,2023-08-21,2023-08-21,163.1
1685,2023-08-28,2023-08-28,165.1
1686,2023-09-04,2023-09-04,165.8
1687,2023-09-11,2023-09-11,164.3
1688,2023-09-19,2023-09-18,161.6
1689,2023-09-25,2023-09-25,160.1
1690,2023-10-02,2023-10-02,159.0
1691,2023-10-10,2023-10-09,156.6
1692,2023-10-16,2023-10-16,154.4
1693,2023-10-23,2023-10-23,153.1
1694,2023-10-30,2023-10-30,152.9
1695,2023-11-06,2023-11-06,153.0
1696,2023-11-13,2023-11-13,153.2
1697,2023-11-20,2023-11-20,153.3
1698,2023-11-27,2023-11-27,153.7
1699,2023-12-04,2023-12-04,154.3
1700,2023-12-11,2023-12-11,154.7
1701,2023-12-18,2023-12-18,154.8
1702,2023-12-25,2023-12-25,154.5
1703,2024-01-09,2024-01-08,155.1
1704,2024-01-15,2024-01-15,154.9
1705,2024-01-22,2024-01-22,154.8
1706,2024-01-29,2024-01-29,154.7
1707,2024-02-05,2024-02-05,154.3
1708,2024-02-13,2024-02-12,154.1
1709,2024-02-19,2024-02-19,154.0
1710,2024-02-26,2024-02-26,154.4
1711,2024-03-04,2024-03-04,154.2
1712,2024-03-11,2024-03-11,154.0
1713,2024-03-18,2024-03-18,154.0
1714,2024-03-25,2024-03-25,154.1
1715,2024-04-01,2024-04-01,154.2
1716,2024-04-08,2024-04-08,154.7
1717,2024-04-15,2024-04-15,154.6
1718,2024-04-22,2024-04-22,154.7
1719,2024-04-30,2024-04-29,154.4
1720,2024-05-07,2024-05-06,154.4
1721,2024-05-13,2024-05-13,154.2
1722,2024-05-20,2024-05-20,154.5
1723,2024-05-27,2024-05-27,154.7
1724,2024-06-03,2024-06-03,154.5
1725,2024-06-10,2024-06-10,154.5
1726,2024-06-17,2024-06-17,154.4
1727,2024-06-24,2024-06-24,154.4
1728,2024-07-01,2024-07-01,155.2
1729,2024-07-08,2024-07-08,155.8
1730,2024-07-16,2024-07-15,155.6
1731,2024-07-22,2024-07-22,155.0
1732,2024-07-29,2024-07-29,154.6
1733,2024-08-05,2024-08-05,154.3
1734,2024-08-13,2024-08-12,154.3
1735,2024-08-19,2024-08-19,154.2
1736,2024-08-26,2024-08-26,154.2
1737,2024-09-02,2024-09-02,154.1
1738,2024-09-09,2024-09-09,154.2
1739,2024-09-17,2024-09-16,154.2
1740,2024-09-24,2024-09-23,154.3
1741,2024-09-30,2024-09-30,154.5
1742,2024-10-07,2024-10-07,154.6
1743,2024-10-15,2024-10-14,154.5
1744,2024-10-21,2024-10-21,154.5
1745,2024-10-28,2024-10-28,154.5
1746,2024-11-05,2024-11-04,154.3
1747,2024-11-11,2024-11-11,154.4
1748,2024-11-18,2024-11-18,154.6
1749,2024-11-25,2024-11-25,154.6
1750,2024-12-02,2024-12-02,155.1
1751,2024-12-09,2024-12-09,155.4
1752,2024-12-16,2024-12-16,155.4
1753,2024-12-23,2024-12-23,160.3
1754,2025-01-06,2025-01-06,160.2
1755,2025-01-14,2025-01-13,160.3
1756,2025-01-20,2025-01-20,164.7
1757,2025-01-27,2025-01-27,164.7
1758,2025-02-03,2025-02-03,164.3
1759,2025-02-10,2025-02-10,164.2
1760,2025-02-17,2025-02-17,164.1
1761,2025-02-25,2025-02-24,164.0
1762,2025-03-03,2025-03-03,163.9
1763,2025-03-10,2025-03-10,163.9
1764,2025-03-17,2025-03-17,164.3
1765,2025-03-24,2025-03-24,164.3
1766,2025-03-31,2025-03-31,164.6
1767,2025-04-07,2025-04-07,165.9
1768,2025-04-14,2025-04-14,166.2
1769,2025-04-21,2025-04-21,164.8
1770,2025-04-28,2025-04-28,164.2
1771,2025-05-12,2025-05-12,162.8
1772,2025-05-19,2025-05-19,162.0
1773,2025-05-26,2025-05-26,157.6
1774,2025-06-02,2025-06-02,154.5
1775,2025-06-09,2025-06-09,152.5
1776,2025-06-16,2025-06-16,151.6
1777,2025-06-23,2025-06-23,153.1
1778,2025-06-30,2025-06-30,154.4
1779,2025-07-07,2025-07-07,153.8
1780,2025-07-14,2025-07-14,153.4
1781,2025-07-22,2025-07-21,153.8
1782,2025-07-28,2025-07-28,154.1
1783,2025-08-04,2025-08-04,154.3
1784,2025-08-12,2025-08-11,154.9
1785,2025-08-18,2025-08-18,154.8
1786,2025-08-25,2025-08-25,154.3
1787,2025-09-01,2025-09-01,154.2
1788,2025-09-08,2025-09-08,154.9
1789,2025-09-16,2025-09-15,155.2
1790,2025-09-22,2025-09-22,155.3
1791,2025-09-29,2025-09-29,155.2
1792,2025-10-06,2025-10-06,155.4
1793,2025-10-14,2025-10-13,154.8
1794,2025-10-20,2025-10-20,154.6
1795,2025-10-27,2025-10-27,153.7
1796,2025-11-04,2025-11-03,153.8
1797,2025-11-10,2025-11-10,153.7
1798,2025-11-17,2025-11-17,150.0
1799,2025-11-25,2025-11-24,149.2
1800,2025-12-01,2025-12-01,147.2
1801,2025-12-08,2025-12-08,146.5
1802,2025-12-15,2025-12-15,146.0
1803,2025-12-22,2025-12-22,145.5
1804,2026-01-05,2026-01-05,143.9
1805,2026-01-13,2026-01-12,143.4
1806,2026-01-19,2026-01-19,143.0
1807,2026-01-26,2026-01-26,143.8
1808,2026-02-02,2026-02-02,143.9
1809,2026-02-09,2026-02-09,143.8
1810,2026-02-16,2026-02-16,144.9
1811,2026-02-24,2026-02-23,145.2
1812,2026-03-02,2026-03-02,146.6
1813,2026-03-09,2026-03-09,149.8
1814,2026-03-16,2026-03-16,178.4
1815,2026-03-23,2026-03-23,166.0
1816,2026-03-30,2026-03-30,159.0
1817,2026-04-06,2026-04-06,156.6
1818,2026-04-13,2026-04-13,156.7
1819,2026-04-20,2026-04-20,158.8
1820,2026-04-27,2026-04-27,159.0
1821,2026-05-11,2026-05-11,158.8
1822,2026-05-18,2026-05-18,158.6
1823,2026-05-25,2026-05-25,158.5
1824,2026-06-01,2026-06-01,158.8
1825,2026-06-08,2026-06-08,158.8
1826,2026-06-15,2026-06-15,159.0
1827,2026-06-22,2026-06-22,159.0
1828,2026-06-29,2026-06-29,159.2
1829,2026-07-06,2026-07-06,159.2
1830,2026-07-13,2026-07-13,159.3
1831,2026-07-21,2026-07-20,159.4
1832,2026-07-27,2026-07-27,159.4
1833,2026-08-03,2026-08-03,159.4
1834,2026-08-10,2026-08-10,159.5
1835,2026-08-17,2026-08-17,159.3
1836,2026-08-24,2026-08-24,159.3
1837,2026-08-31,2026-08-31,159.4
1838,2026-09-07,2026-09-07,159.5
1839,2026-09-14,2026-09-14,159.3
