weekEnding,DDFUELNYH,DDFUELUSGULF,SG_NZ_IMPORT_PROXY
2006-06-16,2.099,2.127333333333333,0.59625
2006-06-23,2.0744,2.0628,0.580888
2006-06-30,2.1026,2.1418,0.584307
2006-07-07,2.16925,2.1915,0.5948599999999999
2006-07-14,2.1978,2.1954000000000002,0.597165
2006-07-21,2.1938000000000004,2.245,0.595588
2006-07-28,2.2574,2.268,0.5902780000000001
2006-08-04,2.37,2.3598,0.59954
2006-08-11,2.3024,2.273,0.614184
2006-08-18,2.1870000000000003,2.183,0.6042000000000001
2006-08-25,2.2638,2.244,0.6029100000000001
2006-09-01,2.1078,2.0842,0.595335
2006-09-08,1.9595,1.9267500000000002,0.5823999999999999
2006-09-15,1.7708,1.6986,0.535069
2006-09-22,1.7206,1.7164000000000001,0.512275
2006-09-29,1.7713999999999999,1.7924,0.50292
2006-10-06,1.7614,1.7553999999999998,0.49886300000000006
2006-10-13,1.7937999999999998,1.8,0.488978
2006-10-20,1.8416000000000001,1.8242,0.4825980000000001
2006-10-27,1.8038,1.7850000000000001,0.47850000000000004
2006-11-03,1.721,1.7172,0.458934
2006-11-10,1.7925999999999997,1.8012000000000001,0.459584
2006-11-17,1.8014,1.7454,0.46671
2006-11-24,1.832,1.83325,0.48168000000000005
2006-12-01,1.9167999999999998,1.884,0.488117
2006-12-08,1.9184,1.8164000000000002,0.487792
2006-12-15,1.8456,1.8008,0.49539099999999997
2006-12-22,1.8021999999999998,1.7666,0.49688099999999996
2006-12-29,1.7152500000000002,1.746,0.48507
2007-01-05,1.6835,1.6797499999999999,0.47449600000000003
2007-01-12,1.61,1.6146,0.4692089999999999
2007-01-19,1.5565,1.588,0.46428600000000003
2007-01-26,1.6318000000000001,1.6428,0.469728
2007-02-02,1.7126000000000001,1.7026,0.48577299999999995
2007-02-09,1.759,1.7248,0.496584
2007-02-16,1.7106000000000001,1.7302,0.480912
2007-02-23,1.75725,1.84325,0.48788200000000004
2007-03-02,1.857,1.8943999999999999,0.500526
2007-03-09,1.8712,1.9562000000000002,0.500588
2007-03-16,1.8388000000000002,1.9207999999999998,0.498267
2007-03-23,1.8536000000000001,1.8976,0.49984500000000004
2007-03-30,2.007,2.1326,0.5283599999999999
2007-04-06,2.0465,2.141,0.54504
2007-04-13,2.0898,2.1824000000000003,0.551824
2007-04-20,2.0066,2.0174,0.549072
2007-04-27,2.0674,2.0492,0.56172
2007-05-04,2.0186,2.0212,0.562379
2007-05-11,1.9994,2.0046,0.562978
2007-05-18,2.0616,2.0646,0.56742
2007-05-25,2.099,2.0951999999999997,0.573664
2007-06-01,2.0564999999999998,2.0355,0.56721
2007-06-08,2.0834,2.0642,0.568507
2007-06-15,2.0878,2.0814,0.570016
2007-06-22,2.1686,2.132,0.5806279999999999
2007-06-29,2.1466000000000003,2.1028000000000002,0.5752659999999999
2007-07-06,2.179,2.1395,0.5865600000000001
2007-07-13,2.1694,2.165,0.6037129999999999
2007-07-20,2.1288,2.1233999999999997,0.611424
2007-07-27,2.1076,2.128,0.603288
2007-08-03,2.1488,2.1634,0.602076
2007-08-10,2.055,2.056,0.577599
2007-08-17,2.1,2.1239999999999997,0.5695899999999999
2007-08-24,2.087,2.1058,0.5650059999999999
2007-08-31,2.162,2.1646,0.577835
2007-09-07,2.2504999999999997,2.2185,0.598026
2007-09-14,2.3176,2.267,0.620385
2007-09-21,2.3686,2.3542,0.6306039999999999
2007-09-28,2.3296,2.3205999999999998,0.6327090000000001
2007-10-05,2.3045999999999998,2.2634,0.62238
2007-10-12,2.332,2.2694,0.628065
2007-10-19,2.4518,2.3931999999999998,0.65188
2007-10-26,2.4856,2.4162,0.660625
2007-11-02,2.605,2.5628,0.6933680000000001
2007-11-09,2.7092,2.6762,0.72662
2007-11-16,2.6483999999999996,2.6116,0.717444
2007-11-23,2.769,2.72775,0.74466
2007-11-30,2.707,2.6464,0.7431620000000001
2007-12-07,2.6032,2.5162,0.724992
2007-12-14,2.6178,2.5274,0.7423869999999999
2007-12-21,2.6288,2.5702000000000003,0.7559640000000001
2007-12-28,2.67225,2.63,0.7646990000000001
2008-01-04,2.719,2.668,0.7822760000000001
2008-01-11,2.6024000000000003,2.5454,0.7588760000000001
2008-01-18,2.572,2.5148,0.7334880000000001
2008-01-25,2.52275,2.4955,0.711708
2008-02-01,2.5456,2.5484,0.73226
2008-02-08,2.5342,2.5328000000000004,0.7260100000000002
2008-02-15,2.7366,2.7128,0.763572
2008-02-22,2.90825,2.90475,0.7235640000000001
2008-02-29,3.003,2.9322,0.8050459999999999
2008-03-07,3.136,3.0822,0.8274330000000001
2008-03-14,3.3598,3.2682,0.8813980000000001
2008-03-21,3.281,3.18175,0.8994960000000001
2008-03-28,3.2408,3.0954,0.885204
2008-04-04,3.1968,3.145,0.893592
2008-04-11,3.4862,3.3408,0.948036
2008-04-18,3.5916000000000006,3.401,0.97091
2008-04-25,3.4810000000000003,3.429,0.985354
2008-05-02,3.4078000000000004,3.3564,0.9711
2008-05-09,3.6616,3.5840000000000005,0.99968
2008-05-16,3.842,3.7497999999999996,1.083352
2008-05-23,4.0596000000000005,3.9598,1.1452980000000001
2008-05-30,3.9,3.8225,1.12569
2008-06-06,3.8122,3.7700000000000005,1.087325
2008-06-13,3.9652000000000003,3.9284,1.151397
2008-06-20,3.8592,3.8280000000000003,1.132488
2008-06-27,3.9026000000000005,3.8648,1.1551920000000002
2008-07-04,4.0447500000000005,3.9965,1.194666
2008-07-11,3.9872,3.9724000000000004,1.18314
2008-07-18,3.9204,3.9067999999999996,1.149766
2008-07-25,3.6862000000000004,3.6588000000000003,1.0699260000000002
2008-08-01,3.5822000000000003,3.532,1.0286879999999998
2008-08-08,3.3228,3.2659999999999996,0.9586979999999999
2008-08-15,3.1802,3.1466000000000003,0.9080010000000001
2008-08-22,3.249,3.219,0.904952
2008-08-29,3.289,3.2914000000000003,0.9089790000000001
2008-09-05,3.1262499999999998,3.1310000000000002,0.8657320000000002
2008-09-12,3.0154,3.0846,0.827925
2008-09-19,2.9368000000000003,3.0212,0.7982520000000001
2008-09-26,3.1336,3.1315999999999997,0.8494000000000002
2008-10-03,2.923,2.8890000000000002,0.7859100000000001
2008-10-10,2.6048,2.5066,0.684375
2008-10-17,2.3796,2.2960000000000003,0.6217919999999999
2008-10-24,2.2206,2.1244,0.589638
2008-10-31,2.0854,1.9986000000000002,0.565708
2008-11-07,2.1012,2.0206,0.572838
2008-11-14,1.9726,1.8936,0.532224
2008-11-21,1.813,1.7228,0.48924300000000004
2008-11-28,1.77775,1.70925,0.481144
2008-12-05,1.5744,1.5004,0.46063499999999996
2008-12-12,1.453,1.3676,0.444992
2008-12-19,1.4464000000000001,1.3932,0.4573709999999999
2008-12-26,1.30625,1.26125,0.42882099999999995
2009-01-02,1.376,1.31925,0.4217869999999999
2009-01-09,1.5998,1.5288,0.470249
2009-01-16,1.5112,1.4628,0.433225
2009-01-23,1.413,1.31825,0.401349
2009-01-30,1.442,1.3692,0.40267500000000006
2009-02-06,1.3744,1.3317999999999999,0.395732
2009-02-13,1.3484,1.2866,0.402336
2009-02-20,1.20975,1.1695,0.378594
2009-02-27,1.2713999999999999,1.2284000000000002,0.37332
2009-03-06,1.2187999999999999,1.1618,0.36304200000000003
2009-03-13,1.2227999999999999,1.1836,0.366561
2009-03-20,1.3452,1.303,0.38610300000000003
2009-03-27,1.5288,1.4944,0.43906399999999995
2009-04-03,1.4632,1.3976000000000002,0.41504399999999997
2009-04-10,1.4985,1.4425,0.42733899999999997
2009-04-17,1.4896,1.4285999999999999,0.42835199999999996
2009-04-24,1.4022,1.358,0.40432
2009-05-01,1.3826,1.3514,0.40043999999999996
2009-05-08,1.478,1.4456,0.435501
2009-05-15,1.4978,1.4624000000000001,0.4476
2009-05-22,1.5348,1.5093999999999999,0.44654299999999997
2009-05-29,1.61175,1.56825,0.45744100000000004
2009-06-05,1.7866,1.761,0.513757
2009-06-12,1.8466,1.8257999999999999,0.5262540000000001
2009-06-19,1.857,1.8412,0.53256
2009-06-26,1.7899999999999998,1.7795999999999998,0.5174179999999999
2009-07-03,1.782,1.765,0.509748
2009-07-10,1.6030000000000002,1.5817999999999999,0.46683
2009-07-17,1.6364,1.6082,0.46016000000000007
2009-07-24,1.8015999999999999,1.7760000000000002,0.495835
2009-07-31,1.8379999999999999,1.8021999999999998,0.5094660000000001
2009-08-07,1.9650000000000003,1.9289999999999998,0.538545
2009-08-14,1.9324,1.9111999999999998,0.541765
2009-08-21,1.9192,1.8922,0.5304380000000001
2009-08-28,1.9114,1.8874,0.53694
2009-09-04,1.7886,1.7635999999999998,0.517398
2009-09-11,1.80725,1.7785,0.512952
2009-09-18,1.8304000000000002,1.8052,0.509747
2009-09-25,1.7713999999999999,1.7648,0.506212
2009-10-02,1.8096,1.7730000000000001,0.496164
2009-10-09,1.8594000000000002,1.8148,0.507276
2009-10-16,1.9835999999999998,1.9418,0.5439
2009-10-23,2.089,2.049,0.5767840000000001
2009-10-30,2.048,2.0134,0.576288
2009-11-06,2.024,1.9936,0.57528
2009-11-13,1.9918,1.9726,0.569736
2009-11-20,2.0082,1.984,0.5713670000000001
2009-11-27,1.96275,1.963,0.56628
2009-12-04,2.0138,1.9956,0.57168
2009-12-11,1.9228,1.9154,0.55926
2009-12-18,1.918,1.908,0.5443549999999999
2009-12-25,1.96525,1.94125,0.5569500000000001
2010-01-01,2.1085000000000003,2.06,0.581392
2010-01-08,2.1902,2.1626000000000003,0.5958582802041323
2010-01-15,2.0982,2.0707999999999998,0.5898630539198819
2010-01-22,1.9942499999999999,1.9625,0.565388411291498
2010-01-29,1.9654,1.9316,0.5429879577572387
2010-02-05,2.0018000000000002,1.9609999999999999,0.5468781457610392
2010-02-12,1.9738,1.9392,0.5393912820389982
2010-02-19,2.0775,2.0425,0.5589106793601688
2010-02-26,2.0948,2.0596,0.5704787396152766
2010-03-05,2.1394,2.099,0.5774647089389393
2010-03-12,2.1602,2.1242,0.5909967243600767
2010-03-19,2.162,2.128,0.5882882705962039
2010-03-26,2.1486,2.1152,0.5840138954111354
2010-04-02,2.2247500000000002,2.20275,0.5955048967070127
2010-04-09,2.2958000000000003,2.2800000000000002,0.6330579260937806
2010-04-16,2.273,2.2436,0.6336832560511373
2010-04-23,2.2603999999999997,2.2456,0.6281391336494963
2010-04-30,2.3072,2.2990000000000004,0.6436660801600371
2010-05-07,2.277,2.2422,0.6419404382835617
2010-05-14,2.2184,2.1683999999999997,0.617621956108154
2010-05-21,2.0224,1.9804,0.5719694632476569
2010-05-28,2.0254,1.9812,0.5498554815219188
2010-06-04,2.07125,2.022,0.574104973241672
2010-06-11,2.0707999999999998,2.0170000000000003,0.5657988123461924
2010-06-18,2.1566,2.113,0.5919740044392426
2010-06-25,2.1439999999999997,2.1088,0.5988202855503885
2010-07-02,2.0324,2.011,0.5750596300368904
2010-07-09,2.047,2.0149999999999997,0.5663423426109557
2010-07-16,2.082,2.0544000000000002,0.5822846177300424
2010-07-23,2.0884,2.0626,0.5879576729910146
2010-07-30,2.086,2.0726,0.5948915172000884
2010-08-06,2.2294,2.2024,0.6219585288533797
2010-08-13,2.141,2.1068,0.5992156914263216
2010-08-20,2.0702,2.0515999999999996,0.5849869295460222
2010-08-27,2.0644,2.0336,0.5768260691507219
2010-09-03,2.1128,2.0608,0.586831188532424
2010-09-10,2.14575,2.10325,0.5899513849435786
2010-09-17,2.1756,2.1350000000000002,0.6010849974926185
2010-09-24,2.1762,2.1311999999999998,0.6013784968240601
2010-10-01,2.258,2.2104,0.6112350529657508
2010-10-08,2.335,2.2788,0.6395456097120511
2010-10-15,2.3094,2.2484,0.6433382349726605
2010-10-22,2.275,2.2294,0.6316080008784867
2010-10-29,2.2744,2.2414,0.6345781958073367
2010-11-05,2.3666,2.314,0.645700403962196
2010-11-12,2.447,2.3986,0.6762073820571767
2010-11-19,2.3402000000000003,2.2892,0.6601713438223575
2010-11-26,2.35325,2.30025,0.6516256111465742
2010-12-03,2.4484000000000004,2.3832,0.6726136999627782
2010-12-10,2.4748,2.42,0.6989049306181966
2010-12-17,2.4818,2.44,0.6967680957194891
2010-12-24,2.527,2.45775,0.7071500059152588
2010-12-31,2.5288,2.4816,0.7124271389510538
2011-01-07,2.5398,2.489,0.7185203089628928
2011-01-14,2.6513999999999998,2.618,0.7337464134453184
2011-01-21,2.68,2.64525,0.7454193134859127
2011-01-28,2.6805999999999996,2.6408,0.7428513823791529
2011-02-04,2.7824,2.7292,0.761668101977749
2011-02-11,2.7774,2.7436,0.7773937724810951
2011-02-18,2.8082000000000003,2.757,0.7865360875838516
2011-02-25,2.968,2.9115,0.8212565661547115
2011-03-04,3.1125999999999996,3.073,0.8587202806686092
2011-03-11,3.1244,3.0704000000000002,0.8730363298517821
2011-03-18,3.1155999999999997,3.0509999999999997,0.8865978337348875
2011-03-25,3.1445999999999996,3.0942,0.9001644034866149
2011-04-01,3.1492,3.1106000000000003,0.9007010264608657
2011-04-08,3.279,3.2374,0.9302282776218551
2011-04-15,3.2682,3.2264000000000004,0.9307509739881534
2011-04-22,3.2515,3.21,0.920777392961617
2011-04-29,3.2962000000000002,3.2600000000000002,0.9270053883038422
2011-05-06,3.132,3.0976,0.8930392350089491
2011-05-13,3.0306,2.9964,0.8478304936579051
2011-05-20,2.9558,2.9202,0.8342455408143961
2011-05-27,3.005,2.9734000000000003,0.8357407036596846
2011-06-03,3.108,3.07275,0.8588660715832824
2011-06-10,3.1592,3.1112,0.8694822751325895
2011-06-17,3.1158,3.0776,0.8671624801524525
2011-06-24,2.9417999999999997,2.9092,0.8269924577336307
2011-07-01,2.9594,2.9176,0.8155825645384397
2011-07-08,3.1265,3.0702499999999997,0.8425823168120821
2011-07-15,3.2065,3.144666666666667,0.866315947081208
2011-07-22,3.1988,3.14275,0.8731699386597
2011-07-29,3.1795999999999998,3.1348,0.8739198858761275
2011-08-05,3.0768,3.0384,0.8612401203791857
2011-08-12,2.9078,2.8802,0.8156932902445607
2011-08-19,2.9864,2.9486,0.825984045991168
2011-08-26,3.009,2.9764,0.8276982152854354
2011-09-02,3.0974,3.0542000000000002,0.8517437105482977
2011-09-09,3.0785,3.0185,0.8470787615229043
2011-09-16,2.9992,2.9606000000000003,0.8319627684353709
2011-09-23,2.9368000000000003,2.8986,0.8233157673791379
2011-09-30,2.8862,2.8482,0.800958939235419
2011-10-07,2.8698,2.8204000000000002,0.7868694940344152
2011-10-14,3.004,2.9494,0.8073277031754148
2011-10-21,3.0542000000000002,3.0036,0.8306865075433771
2011-10-28,3.089,3.045,0.8502271998532578
2011-11-04,3.0736,3.04,0.8475678728270679
2011-11-11,3.1704,3.1264,0.8798394588107357
2011-11-18,3.1384,3.0914,0.8807738542740472
2011-11-25,3.01175,2.95325,0.8503092051140719
2011-12-02,3.0298,2.9704,0.8517456227594151
2011-12-09,2.9818,2.9114,0.8529891477057163
2011-12-16,2.8792,2.8085999999999998,0.829216989512684
2011-12-23,2.9048000000000003,2.8571999999999997,0.8208037452326856
2011-12-30,2.953,2.908,0.82647921590165
2012-01-06,3.10525,3.0545,0.8596645275386137
2012-01-13,3.0946000000000002,3.052,0.8734966659897723
2012-01-20,3.05275,3.009,0.8662899988134619
2012-01-27,3.0718,3.02,0.855991267091534
2012-02-03,3.0834,3.0448,0.8645423425611165
2012-02-10,3.213,3.1572,0.8899707932593341
2012-02-17,3.2104,3.1708,0.8933627325617779
2012-02-24,3.31,3.2695,0.9052987316658644
2012-03-02,3.2811999999999997,3.2378,0.9081909276960354
2012-03-09,3.2942,3.2566,0.9125495160101135
2012-03-16,3.3280000000000003,3.2982,0.9244914467318475
2012-03-23,3.2966,3.2664,0.9208920823728988
2012-03-30,3.2942,3.2649999999999997,0.9198148739130678
2012-04-06,3.30275,3.27025,0.9155009991712739
2012-04-13,3.2316000000000003,3.2094,0.8950499293089983
2012-04-20,3.2049999999999996,3.1806,0.8861347071722281
2012-04-27,3.2396000000000003,3.2161999999999997,0.888931112378147
2012-05-04,3.1988,3.1608,0.884079608307256
2012-05-11,3.0556,3.0214,0.8449025505546879
2012-05-18,2.95,2.9076,0.8267998519833035
2012-05-25,2.8985999999999996,2.8604,0.8085338079938583
2012-06-01,2.79275,2.747,0.7907444313451154
2012-06-08,2.7248,2.6852,0.7543611731833806
2012-06-15,2.7146,2.6668,0.7556374714049227
2012-06-22,2.6912,2.6478,0.7404475554228351
2012-06-29,2.7088,2.66975,0.732399107340538
2012-07-06,2.85,2.80825,0.7727260722595348
2012-07-13,2.8939999999999997,2.841,0.783789886819479
2012-07-20,2.9838,2.9422,0.8122590551440753
2012-07-27,2.9354,2.9012000000000002,0.8092433844149055
2012-08-03,2.9668,2.9324000000000003,0.8175737768718705
2012-08-10,3.1144,3.0894000000000004,0.8494468754603048
2012-08-17,3.1957999999999998,3.1564,0.8736707496613282
2012-08-24,3.2432000000000003,3.2028,0.8879713156173478
2012-08-31,3.2784,3.2392000000000003,0.8855045517749742
2012-09-07,3.2625,3.2132500000000004,0.8883071556629499
2012-09-14,3.2836,3.2481999999999998,0.892697840976998
2012-09-21,3.1797999999999997,3.1352,0.8782806474319131
2012-09-28,3.198,3.1524,0.8659501546272389
2012-10-05,3.245,3.189,0.8707718971215412
2012-10-12,3.3224000000000005,3.261,0.8845555079906653
2012-10-19,3.2735999999999996,3.1874,0.8841346186523151
2012-10-26,3.1420000000000003,3.0526,0.8530467638572858
2012-11-02,3.1544,3.013,0.8529356032483257
2012-11-09,3.1436,2.9566000000000003,0.8364115735558625
2012-11-16,3.1716,2.9526,0.8375578420329362
2012-11-23,3.268,3.077,0.8531724933048787
2012-11-30,3.1765999999999996,3.0364,0.854272973619705
2012-12-07,3.0448,2.964,0.8534092106698536
2012-12-14,3.0538,2.929,0.833655424100328
2012-12-21,3.0822000000000003,2.9442,0.8428972643379455
2012-12-28,3.106,3.0075,0.8446040196389528
2013-01-04,3.06975,2.994,0.8470571140832719
2013-01-11,3.091,3.025,0.8531997222807728
2013-01-18,3.0798,3.0292000000000003,0.8521717249144176
2013-01-25,3.12475,3.068,0.8593865149627226
2013-02-01,3.1676,3.1176000000000004,0.869786879073184
2013-02-08,3.2514000000000003,3.2085999999999997,0.895630316737389
2013-02-15,3.3038000000000003,3.2735999999999996,0.9076810680268891
2013-02-22,3.24,3.2045,0.8972863077752511
2013-03-01,3.1192,3.08,0.8702615435730688
2013-03-08,3.0856000000000003,3.0512,0.8495841542346718
2013-03-15,3.0454,3.018,0.8422225289149722
2013-03-22,2.988,2.9594,0.8373641328809422
2013-03-29,3.0255,2.99825,0.8265716835631868
2013-04-05,3.0385999999999997,3.0195999999999996,0.8356082173904744
2013-04-12,2.9419999999999997,2.925,0.8128129861627567
2013-04-19,2.7800000000000002,2.7686,0.7720249655055312
2013-04-26,2.853,2.825,0.7776217295160689
2013-05-03,2.8586,2.8091999999999997,0.780158193518051
2013-05-10,2.9240000000000004,2.8828,0.7934467205190288
2013-05-17,2.8982,2.8528,0.7904038554068675
2013-05-24,2.8928000000000003,2.843,0.7909355983316574
2013-05-31,2.85,2.8095,0.784607769841008
2013-06-07,2.8693999999999997,2.836,0.7810369157878211
2013-06-14,2.908,2.8774,0.7980737530828977
2013-06-21,2.924,2.8986,0.8111196875912285
2013-06-28,2.8644000000000003,2.8314,0.7962047555320008
2013-07-05,2.9345,2.9010000000000002,0.8070648258325689
2013-07-12,2.9986,2.9608,0.8227268200248768
2013-07-19,3.0688,3.0376000000000003,0.8319103201216274
2013-07-26,3.0458,3.0038,0.8274377526317939
2013-08-02,3.0498000000000003,3.0138,0.8249358801823838
2013-08-09,2.988,2.9564,0.8288701668627578
2013-08-16,3.0526,3.0236,0.8308645165278628
2013-08-23,3.0772,3.0548,0.8330473586646481
2013-08-30,3.1504,3.1244,0.8455412564575704
2013-09-06,3.14025,3.1092500000000003,0.8482619576062962
2013-09-13,3.0984000000000003,3.0648,0.8398615276374367
2013-09-20,3.0172,2.9829999999999997,0.8306242686696514
2013-09-27,2.9716,2.9352,0.8462117633287187
2013-10-04,2.9867999999999997,2.9332000000000003,0.8267466812407358
2013-10-11,3.038,2.9796,0.836012924089426
2013-10-18,3.0246,2.9631999999999996,0.834817645514188
2013-10-25,2.952,2.8899999999999997,0.8257473486301957
2013-11-01,2.9498,2.8898,0.8291222004102734
2013-11-08,2.8658,2.7952,0.8164776523653859
2013-11-15,2.907,2.8212,0.8147408244734115
2013-11-22,2.9682,2.881,0.8252356011321809
2013-11-29,3.042,2.956,0.8512997379750223
2013-12-06,3.0524,2.9674,0.8523833387326322
2013-12-13,3.0020000000000002,2.9143999999999997,0.8359661861987854
2013-12-20,3.0138000000000003,2.9246000000000003,0.8341655053704115
2013-12-27,3.10625,3.00475,0.8403504100992081
2014-01-03,3.0404999999999998,2.94125,0.84361073645359
2014-01-10,2.9762,2.8866,0.820250421134299
2014-01-17,3.0338000000000003,2.9210000000000003,0.812930806170804
2014-01-24,3.22425,2.9227499999999997,0.8155816260850535
2014-01-31,3.304,2.9311999999999996,0.8160924931875472
2014-02-07,3.3892,2.915,0.811134858731277
2014-02-14,3.1406,2.97,0.8252353881955017
2014-02-21,3.2127499999999998,3.03125,0.8329452860659257
2014-02-28,3.1642,2.9866,0.8273617887122607
2014-03-07,3.1136,3.0032,0.8222215299476641
2014-03-14,3.0065999999999997,2.9021999999999997,0.8103002361234418
2014-03-21,2.9278,2.87,0.8078411067078665
2014-03-28,2.9352,2.8944,0.8151501266242225
2014-04-04,2.9050000000000002,2.873,0.8102254261060297
2014-04-11,2.932,2.9028,0.8145255595141324
2014-04-18,3.00075,2.97525,0.8304140798114449
2014-04-25,3.0018000000000002,2.9842,0.8333220069414609
2014-05-02,2.945,2.9156,0.822290622876952
2014-05-09,2.9188,2.8899999999999997,0.8172356642982195
2014-05-16,2.9538,2.9189999999999996,0.8172848733797744
2014-05-23,2.9508,2.9176,0.8176281857064103
2014-05-30,2.923,2.89025,0.8131121734225318
2014-06-06,2.8701999999999996,2.8372,0.7920071772938683
2014-06-13,2.927,2.8874000000000004,0.8009390346370959
2014-06-20,3.0278,2.981,0.822302490120925
2014-06-27,3.0224,2.9804000000000004,0.8253263699657432
2014-07-04,2.9445,2.897,0.8140064310215283
2014-07-11,2.8698,2.837,0.7989442300575902
2014-07-18,2.8552,2.8152,0.7958331773539848
2014-07-25,2.8724,2.8376,0.7937446319506851
2014-08-01,2.8788,2.8478000000000003,0.7991814739743053
2014-08-08,2.873,2.8424,0.7932002930650383
2014-08-15,2.8584000000000005,2.8264,0.7834639117182942
2014-08-22,2.8213999999999997,2.7938,0.7746006392311251
2014-08-29,2.8466,2.8205999999999998,0.7798865876596439
2014-09-05,2.82525,2.79825,0.7776690218655916
2014-09-12,2.7664,2.7338,0.7595446154218172
2014-09-19,2.7242,2.6926,0.747812577995969
2014-09-26,2.689,2.6550000000000002,0.7377730387656253
2014-10-03,2.6538,2.6326,0.727315584336305
2014-10-10,2.5768,2.55,0.6978426296916266
2014-10-17,2.4918,2.4668,0.6697651266105903
2014-10-24,2.4934000000000003,2.4554,0.6661960828761471
2014-10-31,2.503,2.455,0.6711612235221512
2014-11-07,2.4728000000000003,2.4248000000000003,0.6619475702427304
2014-11-14,2.4536000000000002,2.3566,0.6537931735207558
2014-11-21,2.4192,2.2658,0.6405182826271961
2014-11-28,2.363,2.1825,0.6258915574688462
2014-12-05,2.1774,1.999,0.5810419981695926
2014-12-12,2.0951999999999997,1.8588,0.5486183934252444
2014-12-19,2.0118,1.6978000000000002,0.519547586816115
2014-12-26,1.94775,1.664,0.5175609215001648
2015-01-02,1.8365,1.6035,0.4968255847868977
2015-01-09,1.7289999999999999,1.5433999999999999,0.46321936323403856
2015-01-16,1.6556000000000002,1.484,0.4342723839912509
2015-01-23,1.6415,1.5234999999999999,0.4337860655334733
2015-01-30,1.6536000000000002,1.5606,0.42902992471608853
2015-02-06,1.8182000000000003,1.7382000000000002,0.46906869462693507
2015-02-13,1.9083999999999999,1.8254000000000001,0.49792033809100317
2015-02-20,2.06075,1.8860000000000001,0.5144986116999725
2015-02-27,2.1916,1.8585999999999998,0.5075617784442169
2015-03-06,2.1088,1.8314,0.5189002011089449
2015-03-13,1.8646,1.7277999999999998,0.5009296992337735
2015-03-20,1.7616,1.6524,0.48710943963718667
2015-03-27,1.7440000000000002,1.6583999999999999,0.4970830751268751
2015-04-03,1.719,1.64225,0.49166570903776047
2015-04-10,1.7515999999999998,1.6771999999999998,0.4897616953855396
2015-04-17,1.8564,1.793,0.509821038198243
2015-04-24,1.8943999999999999,1.8283999999999998,0.5193821551273409
2015-05-01,1.9494,1.8908,0.5327758799416149
2015-05-08,1.9873999999999998,1.9456,0.551336953213363
2015-05-15,1.9922,1.9436,0.5539597866716759
2015-05-22,1.9638000000000002,1.9129999999999998,0.5505436813934528
2015-05-29,1.89975,1.8495,0.5364833942076315
2015-06-05,1.8969999999999998,1.8370000000000002,0.5307531052961736
2015-06-12,1.9022,1.811,0.5327316705304601
2015-06-19,1.8864,1.7925999999999997,0.5288730734408752
2015-06-26,1.8782,1.7768000000000002,0.5252758174152086
2015-07-03,1.8455,1.77,0.5112780976098736
2015-07-10,1.7144,1.6666,0.4817661134626604
2015-07-17,1.6797999999999997,1.6187999999999998,0.4755970380577053
2015-07-24,1.6573999999999998,1.598,0.4648470996971729
2015-07-31,1.5942,1.5257999999999998,0.4445573054992649
2015-08-07,1.532,1.4808,0.4351371638089044
2015-08-14,1.5632000000000001,1.5097999999999998,0.440953910255383
2015-08-21,1.502,1.4456,0.42773869087856153
2015-08-28,1.435,1.3885999999999998,0.40581087026741264
2015-09-04,1.5914,1.5306,0.43830400416735876
2015-09-11,1.53125,1.47025,0.43322613992714964
2015-09-18,1.4884,1.4091999999999998,0.42430125603371666
2015-09-25,1.4920000000000002,1.4076,0.4236552536629867
2015-10-02,1.4864000000000002,1.4245999999999999,0.4175048030831681
2015-10-09,1.5484,1.4988,0.4398305087912637
2015-10-16,1.4494,1.3978,0.42892268695316305
2015-10-23,1.4316,1.3752,0.4170753418404938
2015-10-30,1.4518,1.391,0.41336858629136186
2015-11-06,1.5082,1.452,0.4261817567388797
2015-11-13,1.4284,1.3792,0.415484245322358
2015-11-20,1.3584,1.2812,0.4005265231245869
2015-11-27,1.366,1.306,0.402104224099647
2015-12-04,1.3142,1.2411999999999999,0.38896412966193233
2015-12-11,1.191,1.126,0.359840194498333
2015-12-18,1.08,0.9932000000000001,0.32474316673694736
2015-12-25,1.069,1.052,0.31998386704255516
2016-01-01,1.0625,1.057,0.3202259220546131
2016-01-08,1.0555999999999999,1.0312,0.29686453938018614
2016-01-15,0.9404,0.9304,0.2663652139173893
2016-01-22,0.9077500000000001,0.876,0.24686880976397688
2016-01-29,1.0022,0.9702,0.2660224082515736
2016-02-05,1.0486,1.019,0.28264442292172154
2016-02-12,1.0042,0.9722,0.2688563476871757
2016-02-19,1.04725,1.00375,0.29235369390529237
2016-02-26,1.0372,0.9885999999999999,0.2897227237944953
2016-03-04,1.1024,1.0630000000000002,0.3025924822288294
2016-03-11,1.2112,1.1666,0.3295652914957323
2016-03-18,1.221,1.1592,0.3327825358343761
2016-03-25,1.2237500000000001,1.15175,0.33737119754406913
2016-04-01,1.1629999999999998,1.0737999999999999,0.32477536377795424
2016-04-08,1.1106,1.0577999999999999,0.3122531775210433
2016-04-15,1.2471999999999999,1.1987999999999999,0.341186898485902
2016-04-22,1.294,1.2491999999999999,0.34888539790129364
2016-04-29,1.3606,1.3162,0.3705992936862056
2016-05-06,1.3386,1.293,0.3618295415691651
2016-05-13,1.3612,1.312,0.371227881268282
2016-05-20,1.47,1.4278,0.3916201857507308
2016-05-27,1.4944,1.4522,0.3980604178313109
2016-06-03,1.4895,1.45025,0.4024040918097196
2016-06-10,1.5308,1.4952,0.41138755364644325
2016-06-17,1.4734,1.4356,0.396299829332849
2016-06-24,1.4954,1.4608,0.4020608970905023
2016-07-01,1.4667999999999999,1.4544000000000001,0.3964897209172152
2016-07-08,1.4155,1.39575,0.39687041692698327
2016-07-15,1.4014,1.3622,0.3794816680135723
2016-07-22,1.351,1.3216,0.3733309411760516
2016-07-29,1.2724,1.2508,0.354406269174132
2016-08-05,1.2696,1.2368000000000001,0.3403281098146877
2016-08-12,1.3367999999999998,1.3108,0.3559018811587537
2016-08-19,1.4774,1.456,0.387108667646317
2016-08-26,1.4828,1.4758,0.3892036002725968
2016-09-02,1.4218,1.408,0.3779923567449305
2016-09-09,1.4184999999999999,1.41025,0.38145835134862144
2016-09-16,1.397,1.3776,0.3740875349937492
2016-09-23,1.4106,1.3804,0.3766008371397659
2016-09-30,1.4651999999999998,1.458,0.3835052818455619
2016-10-07,1.5668,1.559,0.4125849540091895
2016-10-14,1.5661999999999998,1.5517999999999998,0.4217914311307962
2016-10-21,1.5594,1.5432000000000001,0.42028501227500004
2016-10-28,1.5597999999999999,1.5388,0.41988070987634635
2016-11-04,1.4689999999999999,1.4296,0.4010259381466266
2016-11-11,1.4212,1.3843999999999999,0.3847699378993949
2016-11-18,1.4234,1.3966,0.3790144693851132
2016-11-25,1.5175,1.479,0.39671297180696075
2016-12-02,1.5612,1.516,0.39667047824619833
2016-12-09,1.605,1.5434,0.42643234062086516
2016-12-16,1.6336,1.5848,0.43771345725720673
2016-12-23,1.64,1.6116,0.441874723120722
2016-12-30,1.698,1.6515,0.45682414826692225
2017-01-06,1.669,1.62625,0.45399173190658426
2017-01-13,1.6228000000000002,1.5856,0.4451194269376835
2017-01-20,1.606,1.56725,0.44188868416868815
2017-01-27,1.5939999999999999,1.5814,0.4461202451899316
2017-02-03,1.621,1.6103999999999998,0.4511131844566886
2017-02-10,1.6174,1.6056000000000001,0.4535273641252145
2017-02-17,1.6068000000000002,1.597,0.45233548124043815
2017-02-24,1.634,1.6107500000000001,0.4544692275331928
2017-03-03,1.6059999999999999,1.5802,0.451408308825115
2017-03-10,1.5524,1.5268000000000002,0.4394467323512839
2017-03-17,1.4984,1.4678,0.41872215694251813
2017-03-24,1.4952,1.4694,0.41357309914605267
2017-03-31,1.5352000000000001,1.5076,0.418853670061937
2017-04-07,1.59,1.553,0.43524772022502306
2017-04-14,1.645,1.611,0.4503995773941006
2017-04-21,1.5878,1.5652000000000001,0.4424154726603903
2017-04-28,1.5210000000000001,1.5024,0.4282129987064402
2017-05-05,1.4556,1.4256,0.40704156516228457
2017-05-12,1.4698,1.4365999999999999,0.40669503301631216
2017-05-19,1.5312000000000001,1.5002,0.4189615375692553
2017-05-26,1.584,1.5496,0.43066877293035816
2017-06-02,1.506,1.471,0.4139636996017106
2017-06-09,1.4318,1.3976,0.3978847808449103
2017-06-16,1.4145999999999999,1.383,0.3957187658199682
2017-06-23,1.374,1.3443999999999998,0.3877343047190534
2017-06-30,1.4222,1.3954,0.3980396191974814
2017-07-07,1.4593333333333334,1.4256666666666666,0.4178530426088926
2017-07-14,1.4786000000000001,1.4422000000000001,0.4053713213729634
2017-07-21,1.5256,1.488,0.4160895884859002
2017-07-28,1.585,1.5508,0.42474087799550164
2017-08-04,1.6458,1.6170000000000002,0.44110747801129535
2017-08-11,1.6298,1.6016000000000001,0.4376438265671363
2017-08-18,1.5918,1.5618,0.4298245060871907
2017-08-25,1.6059999999999999,1.5768,0.4336344615611503
2017-09-01,1.718,1.6867999999999999,0.44082565371011384
2017-09-08,1.78925,1.8087499999999999,0.46340722646598986
2017-09-15,1.7434,1.7566,0.46556994857282225
2017-09-22,1.7986,1.7600000000000002,0.47313857007046634
2017-09-29,1.8374000000000001,1.7896,0.4847483611959847
2017-10-06,1.7635999999999998,1.7280000000000002,0.47362321359380066
2017-10-13,1.7695999999999998,1.7262,0.469102326143579
2017-10-20,1.8024,1.7576,0.47416432110300305
2017-10-27,1.8283999999999998,1.7822,0.4758528412021936
2017-11-03,1.8748,1.8202000000000003,0.48683921722483875
2017-11-10,1.9282,1.8684,0.49903284072966436
2017-11-17,1.9096,1.843,0.4982714810979576
2017-11-24,1.933,1.8605,0.5079812469445457
2017-12-01,1.9274,1.8572,0.5035611717527803
2017-12-08,1.8942,1.8232,0.49998473209058764
2017-12-15,1.9164,1.8456,0.5093142341393885
2017-12-22,1.9393999999999998,1.8588,0.5118212112699959
2017-12-29,2.043,1.95575,0.5236318237223405
2018-01-05,2.07075,1.96475,0.5412138082910118
2018-01-12,2.0694,1.9949999999999999,0.5451288179084065
2018-01-19,2.0605,1.9617499999999999,0.5505862445320918
2018-01-26,2.0914,2.0416,0.5560581767408084
2018-02-02,2.0746,2.022,0.5570159183597966
2018-02-09,1.9442,1.893,0.5326157147798266
2018-02-16,1.8739999999999999,1.8329999999999997,0.5055880312630294
2018-02-23,1.94,1.90375,0.5189676814732441
2018-03-02,1.9166,1.887,0.5254782141582306
2018-03-09,1.8738,1.8376000000000001,0.5162366142017993
2018-03-16,1.8792000000000002,1.8478,0.5204336566902419
2018-03-23,1.9722000000000002,1.936,0.5380409136862709
2018-03-30,2.0157499999999997,1.975,0.5430610293381205
2018-04-06,1.9802,1.9418,0.5461630580813878
2018-04-13,2.0712,2.0302,0.5576928007469558
2018-04-20,2.0998,2.0448,0.5677670084105442
2018-04-27,2.1445999999999996,2.085,0.577891186930247
2018-05-04,2.1472,2.0934,0.576350734798874
2018-05-11,2.2188000000000003,2.1768,0.5955113026756836
2018-05-18,2.2814,2.2344,0.6106720384806241
2018-05-25,2.27,2.2202,0.6148445939762289
2018-06-01,2.21175,2.15825,0.5967381410287227
2018-06-08,2.1574,2.1125999999999996,0.5863724725201381
2018-06-15,2.147,2.1058,0.5868441943733503
2018-06-22,2.1132,2.0674,0.5680677766511867
2018-06-29,2.158,2.1142,0.5772980144212521
2018-07-06,2.1710000000000003,2.128,0.5880335926480401
2018-07-13,2.1544,2.1174,0.5847469336532014
2018-07-20,2.0838,2.0402,0.566898659409687
2018-07-27,2.1472,2.104,0.5836667421696388
2018-08-03,2.1314,2.092,0.5832769290333989
2018-08-10,2.1332,2.092,0.58650971139114
2018-08-17,2.1096,2.068,0.5812083220963694
2018-08-24,2.156,2.114,0.5902585420863542
2018-08-31,2.2328,2.2012,0.6093143243858986
2018-09-07,2.228,2.19125,0.6191887965045564
2018-09-14,2.2358000000000002,2.1902,0.6172546837806975
2018-09-21,2.2252,2.1828,0.6186612621249015
2018-09-28,2.3152,2.271,0.6391698091433115
2018-10-05,2.4055999999999997,2.3596,0.6631762650273234
2018-10-12,2.3698,2.3234000000000004,0.6532205777735324
2018-10-19,2.3184,2.2664,0.6398027801936146
2018-10-26,2.2774,2.2222,0.633205760015144
2018-11-02,2.2314,2.1776,0.6192467690394575
2018-11-09,2.1894,2.1208,0.5919885198469759
2018-11-16,2.0922,1.9969999999999999,0.5738699067182125
2018-11-23,2.016,1.9203333333333334,0.538599781158137
2018-11-30,1.8565999999999998,1.7591999999999999,0.499803968773802
2018-12-07,1.8846,1.7776,0.4977880613700602
2018-12-14,1.8564,1.7444,0.49411688703302425
2018-12-21,1.7728000000000002,1.6564,0.47706658372143873
2018-12-28,1.707,1.5903333333333334,0.46654721571381175
2019-01-04,1.7403333333333333,1.647,0.45592067281691256
2019-01-11,1.8558,1.7628,0.4958721827483606
2019-01-18,1.8786,1.8052,0.5025966633299854
2019-01-25,1.8852499999999999,1.83275,0.5063181453421403
2019-02-01,1.8792000000000002,1.8382,0.5012658181925381
2019-02-08,1.903,1.8486,0.511417531206389
2019-02-15,1.9448,1.8854,0.5222992260635357
2019-02-22,2.0135,1.963,0.5467349828481503
2019-03-01,2.0026,1.9533999999999998,0.5479196998898234
2019-03-08,2.0106,1.9526,0.5442086543295825
2019-03-15,1.9842,1.9326,0.5452897178145165
2019-03-22,1.9786000000000001,1.9356000000000002,0.545313153548098
2019-03-29,1.9789999999999999,1.9335999999999998,0.5393114968189083
2019-04-05,2.0138000000000003,1.9678,0.5427461881038903
2019-04-12,2.0652,2.0149999999999997,0.5571885371540655
2019-04-19,2.0735,2.021,0.5600696242395167
2019-04-26,2.0942,2.0416,0.5696236381139815
2019-05-03,2.0726,2.0224,0.5564481046584713
2019-05-10,2.0502,2.0052,0.5540845482244791
2019-05-17,2.0764,2.028,0.563551252018123
2019-05-24,2.0303999999999998,1.9786000000000001,0.5536933857168777
2019-05-31,1.9275,1.8815,0.536362023595194
2019-06-07,1.8032,1.763,0.49192520954098257
2019-06-14,1.8001999999999998,1.7628,0.4943118204735238
2019-06-21,1.8466,1.8104,0.5043783170404168
2019-06-28,1.9326,1.8905999999999998,0.5249562036018234
2019-07-05,1.9146666666666665,1.86,0.5202358946707577
2019-07-12,1.9484000000000001,1.8980000000000001,0.5291612713406671
2019-07-19,1.9015999999999997,1.8542,0.5275409553424765
2019-07-26,1.9056000000000002,1.8679999999999999,0.5281966907257829
2019-08-02,1.909,1.8690000000000002,0.5302343426732371
2019-08-09,1.8004000000000002,1.7576,0.5003328064798882
2019-08-16,1.8170000000000002,1.7808,0.5068810471199733
2019-08-23,1.8341999999999998,1.8001999999999998,0.5051091591552185
2019-08-30,1.8306,1.799,0.502778455415812
2019-09-06,1.86475,1.833,0.5021532204424466
2019-09-13,1.909,1.8684,0.5157414694548229
2019-09-20,2.018,1.9687999999999999,0.5439256873746813
2019-09-27,1.9624,1.9216000000000002,0.5313928096643299
2019-10-04,1.8934000000000002,1.8652000000000002,0.516764675824053
2019-10-11,1.9291999999999998,1.8872,0.5142854992276562
2019-10-18,1.948,1.8816,0.522383915594812
2019-10-25,1.9758,1.9004,0.5237436127844921
2019-11-01,1.9324,1.8372,0.5213140830124356
2019-11-08,1.9398,1.8474,0.5192849056607804
2019-11-15,1.93025,1.823,0.5117734378679181
2019-11-22,1.9129999999999998,1.8122,0.5081125915970734
2019-11-29,1.955,1.8706666666666667,0.5204952657999232
2019-12-06,1.9189999999999998,1.8294000000000001,0.51791740071323
2019-12-13,1.957,1.855,0.526307770013219
2019-12-20,2.0244,1.9262000000000001,0.5468611278021079
2019-12-27,2.03725,1.96475,0.5516785488036293
2020-01-03,2.03225,1.9565000000000001,0.5604555617382715
2020-01-10,1.9769999999999999,1.8986,0.5544584457103533
2020-01-17,1.8814,1.791,0.5229767857396449
2020-01-24,1.7835,1.7035,0.5131701584249849
2020-01-31,1.6620000000000001,1.5958,0.47436097169373426
2020-02-07,1.6224,1.541,0.460559243029426
2020-02-14,1.6596,1.5824,0.4596778481634661
2020-02-21,1.6905000000000001,1.62125,0.46395558408204285
2020-02-28,1.5306000000000002,1.4756,0.42832193175190264
2020-03-06,1.5122,1.458,0.4163426400490773
2020-03-13,1.2052,1.1428,0.3337227804416324
2020-03-20,1.0308,0.966,0.291845458963973
2020-03-27,1.0748,1.0016,0.28416938649781015
2020-04-03,1.0252,0.9443999999999999,0.2661230146695006
2020-04-10,1.02575,0.9415,0.25648002858196756
2020-04-17,0.9628,0.8846,0.2464905611366313
2020-04-24,0.7642,0.6846,0.23297949325277767
2020-05-01,0.6923999999999999,0.6274,0.24971383403742675
2020-05-08,0.8474,0.762,0.28199373354053203
2020-05-15,0.8503999999999999,0.7994,0.259953950624562
2020-05-22,0.9506,0.9206,0.2826665931415357
2020-05-29,0.9275,0.91275,0.2850735148497957
2020-06-05,1.0257999999999998,0.9991999999999999,0.3052804433451648
2020-06-12,1.089,1.061,0.3224122704386949
2020-06-19,1.183,1.1318,0.330861811356786
2020-06-26,1.1776,1.1218,0.3347803671793967
2020-07-03,1.19375,1.14875,0.33388953137812843
2020-07-10,1.2386,1.1908,0.33966579196350205
2020-07-17,1.2258,1.1768,0.3375794201161688
2020-07-24,1.2642,1.2088,0.3420406843342487
2020-07-31,1.2422,1.1908,0.3393132903290909
2020-08-07,1.2424,1.1892,0.3354994168064957
2020-08-14,1.229,1.1896,0.33696260793848326
2020-08-21,1.2228,1.1934,0.3355631523361041
2020-08-28,1.2194,1.217,0.3350663167427922
2020-09-04,1.1662,1.145,0.3259844862531903
2020-09-11,1.07675,1.049,0.29580867081701107
2020-09-18,1.1254000000000002,1.0818,0.29826579615223836
2020-09-25,1.1172,1.0615999999999999,0.29830260334160136
2020-10-02,1.1241999999999999,1.0732,0.29754645023725473
2020-10-09,1.1758,1.1314,0.30497745820388417
2020-10-16,1.1832,1.1336,0.31176825212363746
2020-10-23,1.1578,1.108,0.306420388577075
2020-10-30,1.1174,1.0766,0.2881281396402582
2020-11-06,1.1438,1.119,0.2890098387765341
2020-11-13,1.2256,1.1986,0.3188850848774559
2020-11-20,1.258,1.2238,0.32716855658370003
2020-11-27,1.3593333333333335,1.3236666666666668,0.35197096759147184
2020-12-04,1.3684,1.3354,0.35901159535968746
2020-12-11,1.4125999999999999,1.3746,0.36996000822835357
2020-12-18,1.4788000000000001,1.4382,0.38471132982872464
2020-12-25,1.47925,1.43,0.38901266093202125
2021-01-01,1.478,1.43275,0.39338287664463445
2021-01-08,1.5246,1.471,0.39246699616011926
2021-01-15,1.5916000000000001,1.5422,0.4108280185360505
2021-01-22,1.587,1.53675,0.4094276417501166
2021-01-29,1.5974,1.5448,0.4063384145969129
2021-02-05,1.6896,1.6376000000000002,0.42366809088650065
2021-02-12,1.7571999999999999,1.7014,0.4463509339256175
2021-02-19,1.827,1.79425,0.4618277302455738
2021-02-26,1.8850000000000002,1.8519999999999999,0.47494452101856943
2021-03-05,1.8646,1.8414000000000001,0.46796047219140574
2021-03-12,1.9265999999999999,1.9052,0.48493363717743443
2021-03-19,1.8728000000000002,1.8432,0.4756443267677061
2021-03-26,1.7852000000000001,1.7503999999999997,0.4490983009581263
2021-04-02,1.7974999999999999,1.75575,0.44979328495130566
2021-04-09,1.7998,1.7521999999999998,0.44960924346198505
2021-04-16,1.8606000000000003,1.8135999999999999,0.46118888926129925
2021-04-23,1.8719999999999999,1.8248000000000002,0.46733954623898183
2021-04-30,1.9204,1.8664,0.47317877065743574
2021-05-07,1.9926000000000001,1.9426,0.4877223395198947
2021-05-14,2.0408,1.9846,0.4912904553692306
2021-05-21,2.0198,1.9658000000000002,0.4935649620445978
2021-05-28,2.0438,1.9928000000000001,0.49860887225979605
2021-06-04,2.10325,2.05075,0.5101092641119045
2021-06-11,2.1294,2.076,0.5173644203841794
2021-06-18,2.096,2.0432,0.5241383036074916
2021-06-25,2.1488,2.0966,0.5282078277118996
2021-07-02,2.1404,2.087,0.5252723689175876
2021-07-09,2.12175,2.06475,0.5278376972893829
2021-07-16,2.1342,2.0816,0.528005919126723
2021-07-23,2.0686,2.0136,0.51356076268852
2021-07-30,2.1668,2.1100000000000003,0.5269607472270562
2021-08-06,2.1022,2.0456,0.5192071708407038
2021-08-13,2.0792,2.023,0.5125445447383552
2021-08-20,1.9904,1.9365999999999999,0.499941516356335
2021-08-27,2.0722,2.023,0.513079289619702
2021-09-03,2.1432,2.1006,0.5309056951547663
2021-09-10,2.12675,2.08775,0.5336339152894342
2021-09-17,2.19,2.1414,0.5471155052040929
2021-09-24,2.2168,2.16,0.5576875965253918
2021-10-01,2.3234,2.2666,0.5846347080394975
2021-10-08,2.4674,2.4058,0.6150608648887566
2021-10-15,2.5548,2.4778,0.6394208788112951
2021-10-22,2.5675999999999997,2.4981999999999998,0.6445527257262741
2021-10-29,2.5294,2.4664,0.6377554978226062
2021-11-05,2.4644,2.3996,0.6280413574215502
2021-11-12,2.4612000000000003,2.3933999999999997,0.6310992168315732
2021-11-19,2.3782,2.311,0.6059463788231634
2021-11-26,2.3633333333333333,2.2983333333333333,0.5898578734998668
2021-12-03,2.0964,2.0463999999999998,0.5431031222418913
2021-12-10,2.2348,2.1756,0.5661866797546413
2021-12-17,2.2328,2.1656,0.5774560825664184
2021-12-24,2.27325,2.2215,0.5643336363783509
2021-12-31,2.3622,2.3072,0.6032408998692116
2022-01-07,2.4396,2.3642000000000003,0.6150285155143965
2022-01-14,2.592,2.5238,0.6448657098560937
2022-01-21,2.6807499999999997,2.6125,0.6721800578789265
2022-01-28,2.7344,2.6742,0.6847252414476137
2022-02-04,2.7914000000000003,2.7634,0.7061474895633555
2022-02-11,2.9066,2.8253999999999997,0.718189600909288
2022-02-18,2.8810000000000002,2.7994,0.7281088600096394
2022-02-25,2.85525,2.797,0.7401176397251078
2022-03-04,3.5002000000000004,3.4219999999999997,0.8424742262653463
2022-03-11,3.8766,3.7531999999999996,1.0559162411249785
2022-03-18,3.4092,3.2824,0.8466361234906381
2022-03-25,4.1564,3.9726,0.9888486415527893
2022-04-01,3.7286,3.7858000000000005,0.9406659241420249
2022-04-08,3.7037999999999998,3.5271999999999997,0.952167811032823
2022-04-15,3.75925,3.64,0.9942056061562138
2022-04-22,4.0912,3.9166,1.035786038907339
2022-04-29,4.6852,4.7458,1.0184343885403135
2022-05-06,4.9768,4.3316,1.1041307113284702
2022-05-13,5.2122,3.9486,1.038876061464442
2022-05-20,4.5124,3.6426000000000003,0.9893250822851081
2022-05-27,4.0124,3.8091999999999997,0.9921611245852138
2022-06-03,4.249,4.156750000000001,1.1211123275191928
2022-06-10,4.4396,4.3546,1.1917048207052081
2022-06-17,4.4884,4.4048,1.2318432096142622
2022-06-24,4.3905,4.304,1.2319574182674256
2022-07-01,4.0844000000000005,4.0572,1.160989752376748
2022-07-08,3.66575,3.58525,1.0428763287928353
2022-07-15,3.7778,3.7024,0.9913981213498754
2022-07-22,3.6342,3.561,0.9606438388516735
2022-07-29,3.6332,3.5944000000000003,0.954836134799404
2022-08-05,3.386,3.2952,0.9197085872570275
2022-08-12,3.382,3.3194000000000004,0.8933356306101239
2022-08-19,3.5722,3.5113999999999996,0.9281609068580656
2022-08-26,3.9153999999999995,3.8682000000000003,1.0183182352477969
2022-09-02,3.7394,3.6382,0.9884341636785997
2022-09-09,3.5985,3.5205,0.9601930843959368
2022-09-16,3.4198,3.3266,0.9005328399066235
2022-09-23,3.3402000000000003,3.2672,0.868799331782664
2022-09-30,3.3375999999999997,3.3194000000000004,0.8372947499259454
2022-10-07,3.9096,3.7391999999999994,0.914262768055619
2022-10-14,4.47875,4.00375,0.9484953498854226
2022-10-21,4.4332,3.7920000000000003,0.9324729671624786
2022-10-28,4.494,4.227,0.923456289105904
2022-11-04,4.513,3.8924,0.9141975265761572
2022-11-11,4.69425,3.5485,0.9153532111334648
2022-11-18,4.168200000000001,3.283,0.8904829397389876
2022-11-25,3.4955,3.04625,0.8322691250530356
2022-12-02,3.2732,3.003,0.8129083634914295
2022-12-09,2.8674,2.6892,0.7666330448057868
2022-12-16,3.1286,2.9555999999999996,0.801954928822841
2022-12-23,3.1314,2.9806,0.7892298379224938
2022-12-30,3.3352500000000003,3.35525,0.8086918107934263
2023-01-06,3.08175,3.021,0.7690248495328212
2023-01-13,3.215,3.1602,0.776525482802423
2023-01-20,3.38375,3.286,0.8111927081260224
2023-01-27,3.4198,3.371,0.8268464564345571
2023-02-03,3.0124,2.9492000000000003,0.7883367148193249
2023-02-10,2.8652,2.7847999999999997,0.7471570388198829
2023-02-17,2.8248,2.7628,0.7473165499307781
2023-02-24,2.741,2.706,0.7242811099437576
2023-03-03,2.8573999999999997,2.8212,0.7406384568167609
2023-03-10,2.7918,2.7366,0.7288498831766467
2023-03-17,2.7176,2.6578,0.6909661190161771
2023-03-24,2.7062,2.613,0.6795843266693582
2023-03-31,2.686,2.661,0.6916683187854054
2023-04-07,2.7265,2.64175,0.717690014673931
2023-04-14,2.7046,2.617,0.7047795902550561
2023-04-21,2.554,2.4826,0.6800198729787296
2023-04-28,2.4134,2.3562000000000003,0.6551250601540507
2023-05-05,2.2916,2.2521999999999998,0.6099334266462033
2023-05-12,2.3636,2.3238,0.6281207014056674
2023-05-19,2.3848,2.3484000000000003,0.632078114294796
2023-05-26,2.3724,2.3182,0.6321832732463316
2023-06-02,2.31075,2.2525,0.617341161777709
2023-06-09,2.3846,2.3177999999999996,0.6343125834892778
2023-06-16,2.4328,2.3586,0.6288831852597017
2023-06-23,2.50225,2.417,0.6463634059667532
2023-06-30,2.4530000000000003,2.3522,0.6371162389345486
2023-07-07,2.4975,2.41575,0.6710310081871406
2023-07-14,2.5972,2.5172,0.7030606245283795
2023-07-21,2.6416,2.5646,0.7353014404598478
2023-07-28,2.8487999999999998,2.7847999999999997,0.767032465533991
2023-08-04,3.0439999999999996,2.9722,0.7992875957757132
2023-08-11,3.119,3.0494,0.8037421508565314
2023-08-18,3.0718,3.016,0.7990787665748142
2023-08-25,3.1736,3.109,0.8067950990965087
2023-09-01,3.1492,3.0834,0.8180738435016626
2023-09-08,3.2635,3.17425,0.8303254220441595
2023-09-15,3.4183999999999997,3.3304,0.8696359631720175
2023-09-22,3.3514000000000004,3.3058,0.8608694311199814
2023-09-29,3.2956000000000003,3.2716000000000003,0.8606367188746984
2023-10-06,3.1049999999999995,3.0102,0.8195145309042422
2023-10-13,3.1195,2.9975,0.8001997578914338
2023-10-20,3.2188000000000003,3.0780000000000003,0.8181576741689333
2023-10-27,3.0625999999999998,2.9886000000000004,0.7904826900009748
2023-11-03,3.0096,2.8928,0.7698248645151928
2023-11-10,2.8579999999999997,2.6662,0.7207870773967935
2023-11-17,2.8776,2.5997999999999997,0.7082956815051208
2023-11-24,2.91025,2.64275,0.7142435825734396
2023-12-01,2.8695999999999997,2.5514,0.7081054731249553
2023-12-08,2.6658,2.299,0.6817218130618002
2023-12-15,2.5766,2.2920000000000003,0.679445485898755
2023-12-22,2.6732,2.5176,0.6857815500595312
2023-12-29,2.5825,2.43875,0.6925361785160399
2024-01-05,2.589,2.451,0.6863228385281674
2024-01-12,2.6376,2.5234,0.6953052428282251
2024-01-19,2.66075,2.5415,0.7103343316626665
2024-01-26,2.7384,2.6498,0.732094974993565
2024-02-02,2.7662,2.6754,0.7552459615793979
2024-02-09,2.8272,2.7734,0.7519270576867768
2024-02-16,2.8434,2.79,0.7608979773927453
2024-02-23,2.71225,2.64875,0.7417768470095549
2024-03-01,2.7060000000000004,2.6186,0.731051482836052
2024-03-08,2.6682,2.5776,0.7246588719406382
2024-03-15,2.6852,2.6056,0.7202991671090228
2024-03-22,2.7024,2.6368,0.7375187706889106
2024-03-29,2.61925,2.553,0.718292742592446
2024-04-05,2.6994,2.6488,0.7400144811235454
2024-04-12,2.6876,2.6252,0.7471344661288037
2024-04-19,2.5838,2.523,0.7206039625190306
2024-04-26,2.5484,2.4872,0.7067678909954057
2024-05-03,2.475,2.412,0.6966268351701992
2024-05-10,2.4522,2.391,0.6895901286941324
2024-05-17,2.4314,2.3754,0.6815445364199583
2024-05-24,2.4278,2.3744,0.6801969038649216
2024-05-31,2.3945,2.33675,0.6837054169444214
2024-06-07,2.2974,2.2496,0.6591312839334931
2024-06-14,2.4264,2.3814,0.6845439222116201
2024-06-21,2.4845,2.45,0.7056860660006078
2024-06-28,2.5086,2.473,0.7107297666957632
2024-07-05,2.6029999999999998,2.54975,0.7132954521344885
2024-07-12,2.5140000000000002,2.4604,0.6963870168329478
2024-07-19,2.4546,2.3998,0.6840126298492373
2024-07-26,2.4166,2.354,0.6636593255507548
2024-08-02,2.3514000000000004,2.2804,0.6473248787621404
2024-08-09,2.2914000000000003,2.2323999999999997,0.6211492448214648
2024-08-16,2.3266,2.2817999999999996,0.6407547781260218
2024-08-23,2.2316,2.1992000000000003,0.6139198500015266
2024-08-30,2.2462,2.2199999999999998,0.6171933949632987
2024-09-06,2.1225,2.09125,0.5895039276635073
2024-09-13,2.0751999999999997,2.0358,0.566312396120495
2024-09-20,2.1184,2.0744,0.5693484270073792
2024-09-27,2.128,2.0894,0.5768295002206366
2024-10-04,2.1955999999999998,2.1602,0.5845272790954555
2024-10-11,2.3108,2.261,0.6148098458019403
2024-10-18,2.161,2.1045,0.5870951253471476
2024-10-25,2.2039999999999997,2.1452,0.5866556961075109
2024-11-01,2.1818,2.1198,0.585015020162835
2024-11-08,2.2668,2.1881999999999997,0.6065757451752073
2024-11-15,2.1875,2.115,0.5859392655414386
2024-11-22,2.2372,2.173,0.600867279853811
2024-11-29,2.19725,2.136,0.5949882761756385
2024-12-06,2.1482,2.0888,0.5865113306108762
2024-12-13,2.1986,2.1282,0.5922891461561581
2024-12-20,2.2184,2.1626000000000003,0.6021365388278874
2024-12-27,2.205,2.14675,0.598249310591763
2025-01-03,2.3255,2.26,0.6171728975675294
2025-01-10,2.3945,2.3155,0.6230263571017466
2025-01-17,2.586,2.4932,0.6618421917940337
2025-01-24,2.52075,2.44725,0.6502089865233651
2025-01-31,2.4788,2.3850000000000002,0.6255822816791828
2025-02-07,2.4706,2.3566,0.6171776255505829
2025-02-14,2.5522,2.3896,0.6229781422799612
2025-02-21,2.478,2.40375,0.629553873755911
2025-02-28,2.3851999999999998,2.2938,0.6078878154571838
2025-03-07,2.263,2.1811999999999996,0.5929101668051502
2025-03-14,2.1924,2.1168,0.5819084172750477
2025-03-21,2.2344,2.1654,0.5854150127766767
2025-03-28,2.283,2.2282,0.5948786149477197
2025-04-04,2.2412,2.1856,0.589688298456011
2025-04-11,2.073,2.0078,0.5345480800720083
2025-04-18,2.11725,2.03225,0.5512450651104908
2025-04-25,2.1437999999999997,2.0866,0.5585765056683623
2025-05-02,2.0637999999999996,2.016,0.5451906394275775
2025-05-09,2.0172,1.9598,0.5287928500211408
2025-05-16,2.1582,2.0896,0.5536048228661208
2025-05-23,2.1228000000000002,2.0518,0.5463179362082369
2025-05-30,2.05475,1.978,0.5430324427675061
2025-06-06,2.09,2.0254,0.5513476303649334
2025-06-13,2.223,2.1478,0.5723896103555471
2025-06-20,2.5065,2.42375,0.6403271377104734
2025-06-27,2.3322,2.2640000000000002,0.6047718586775137
2025-07-04,2.37975,2.31625,0.6052597131384647
2025-07-11,2.4376,2.366,0.6164497599435926
2025-07-18,2.4482,2.351,0.6225950990796142
2025-07-25,2.4908,2.3878,0.6251767811225999
2025-08-01,2.4544,2.3236,0.6274290250660389
2025-08-08,2.3186,2.1936,0.5988821507808343
2025-08-15,2.2985999999999995,2.1744,0.5818672346654838
2025-08-22,2.3338,2.211,0.5844046878292886
2025-08-29,2.3464,2.2201999999999997,0.5951773559782088
2025-09-05,2.38575,2.26375,0.6068426648524321
2025-09-12,2.3592,2.2434000000000003,0.6075363580927878
2025-09-19,2.395,2.2817999999999996,0.6104490107788373
2025-09-26,2.4224,2.3104,0.6115965642797883
2025-10-03,2.3418,2.2292,0.6138786656144982
2025-10-10,2.3088,2.1984000000000004,0.6044354833636731
2025-10-17,2.23125,2.11975,0.5844529279556192
2025-10-24,2.3432000000000004,2.194,0.6028112282606024
2025-10-31,2.4608,2.3116,0.6308820054857293
2025-11-07,2.5016,2.3634,0.6390842612471181
2025-11-14,2.5465,2.38525,0.6501370208728556
2025-11-21,2.6204,2.4646,0.6498706155499869
2025-11-28,2.40625,2.2265,0.6024107408180442
2025-12-05,2.3776,2.1757999999999997,0.6028436418958725
2025-12-12,2.3082000000000003,2.1082,0.5880011410848467
2025-12-19,2.1984000000000004,1.9942,0.5635669526667777
2025-12-26,2.20125,2.0415,0.5619264222414234
2026-01-02,2.154,1.9985000000000002,0.558535301104461
2026-01-09,2.1334,1.9906,0.553288012847974
2026-01-16,2.2244,2.0854,0.5740539177554461
2026-01-23,2.31025,2.17575,0.5874308703692251
2026-01-30,2.4028,2.234,0.6069065353543656
2026-02-06,2.341,2.1274,0.6108193999731527
2026-02-13,2.3766000000000003,2.1521999999999997,0.6127824255822126
2026-02-20,2.57475,2.38575,0.6241122881074019
2026-02-27,2.727,2.5598,0.6404811524759402
2026-03-06,3.3609999999999998,3.2600000000000002,1.0021919883125998
2026-03-13,3.7348,3.5386,1.3350899104906204
2026-03-20,4.2954,4.0896,1.554380256294079
2026-03-27,4.2665999999999995,4.2126,1.726916006545662
2026-04-03,4.3305,4.33125,1.9843938161606836
2026-04-10,4.0872,4.0378,1.8740698814369778
2026-04-17,3.7322,3.6102000000000003,1.8107076384835168
2026-04-24,3.9052,3.8388,1.1777134618310363
2026-05-01,4.1091999999999995,4.038600000000001,1.186447072336312
2026-05-08,3.9802,3.9036,1.0629936904779604
2026-05-15,4.0927999999999995,3.9598,1.1029699766608954
2026-05-22,4.0812,3.9272,1.0918681081205568
2026-05-29,3.64825,3.58625,0.9622084957272858
2026-06-05,3.6915999999999998,3.6488,1.0139504335127905
2026-06-12,3.5268,3.4592,0.927881490965991
2026-06-19,3.19625,3.13,0.7960929936312452
2026-06-26,3.1886,3.1706,0.7750979305916509
2026-07-03,3.25275,3.25575,0.8049908696699525
2026-07-10,3.5098,3.4387999999999996,0.8485930000579935
2026-07-17,4.0118,3.9308,1.015170747720636
2026-07-24,4.197,4.186,1.115388713122034
2026-07-31,4.2172,4.1992,1.1072509517779867
2026-08-07,3.8698,3.8137999999999996,1.0419297093028446
2026-08-14,4.3038,4.2198,1.1090953786357154
2026-08-21,4.529,4.4676,1.1296306714780164
2026-08-28,4.261799999999999,4.2742,1.071625734529524
2026-09-04,4.6044,4.6122,1.1471989566157053
2026-09-11,4.928,4.8815,1.2188211015459198
2026-09-18,5.223000000000001,5.1278,1.3697698469192425
